<?xml version="1.0" encoding="UTF-8"?><SearchParameter xmlns="http://hl7.org/fhir"><id value="search-facility-upi"/><text><status value="generated"/><div xmlns="http://www.w3.org/1999/xhtml"><p class="res-header-id"><b>Generated Narrative: SearchParameter search-facility-upi</b></p><a name="search-facility-upi"> </a><a name="hcsearch-facility-upi"> </a><h2>facility-upi</h2><p>Parameter <code>facility-upi</code>:<code>token</code></p><div><p>Allows filtering patients by Facility UPI</p>
</div><table class="grid"><tr><td>Resource</td><td><a href="http://hl7.org/fhir/R4/patient.html">Patient</a></td></tr><tr><td>Expression</td><td><code>Patient.identifier.where(system = 'http://facility.health.go.ke/upi')</code></td></tr><tr><td>Processing Mode</td><td>Normal</td></tr><tr><td>Multiples</td><td><ul><li>multipleAnd: It's up to the server whether the parameter may repeat in order to specify multiple values that must all be true</li><li>multipleOr: It's up to the server whether the parameter can have multiple values (separated by comma) where at least one must be true</li></ul></td></tr></table></div></text><url value="https://oncology.ig.kenya/SearchParameter/search-facility-upi"/><version value="0.1.0"/><name value="facility-upi"/><status value="active"/><date value="2025-06-30T18:02:10+00:00"/><publisher value="Medby_Tech"/><contact><name value="Medby_Tech"/><telecom><system value="url"/><value value="http://example.org/example-publisher"/></telecom></contact><description value="Allows filtering patients by Facility UPI"/><code value="facility-upi"/><base value="Patient"/><type value="token"/><expression value="Patient.identifier.where(system = 'http://facility.health.go.ke/upi')"/><xpathUsage value="normal"/></SearchParameter>