<?xml version="1.0" encoding="UTF-8"?><ValueSet xmlns="http://hl7.org/fhir"><id value="cancer-stage"/><text><status value="generated"/><div xmlns="http://www.w3.org/1999/xhtml"><p class="res-header-id"><b>Generated Narrative: ValueSet cancer-stage</b></p><a name="cancer-stage"> </a><a name="hccancer-stage"> </a><ul><li>Include all codes defined in <code>http://fhir.org/guides/kenya/CodeSystem/icd10-cancer-stage</code></li></ul></div></text><url value="http://example.org/ValueSet/cancer-stage"/><version value="0.1.0"/><name value="CancerStageVS"/><title value="Cancer Stage ValueSet"/><status value="draft"/><date value="2025-06-30T18:02:10+00:00"/><publisher value="Medby_Tech"/><contact><name value="Medby_Tech"/><telecom><system value="url"/><value value="http://example.org/example-publisher"/></telecom></contact><description value="ValueSet for cancer stages commonly used in Kenya, e.g., Stage I–IV or TNM classifications."/><compose><include><system value="http://fhir.org/guides/kenya/CodeSystem/icd10-cancer-stage"/></include></compose></ValueSet>