<?xml version="1.0" encoding="UTF-8"?>

<Condition xmlns="http://hl7.org/fhir">
  <id value="breast-cancer-condition"/>
  <text>
    <status value="generated"/><div xmlns="http://www.w3.org/1999/xhtml"><p class="res-header-id"><b>Generated Narrative: Condition breast-cancer-condition</b></p><a name="breast-cancer-condition"> </a><a name="hcbreast-cancer-condition"> </a><p><b>clinicalStatus</b>: <span title="Codes:">active</span></p><p><b>verificationStatus</b>: <span title="Codes:">confirmed</span></p><p><b>code</b>: <span title="Codes:{http://id.who.int/icd10 C50.2}">Malignant neoplasm of upper-inner quadrant of breast</span></p><p><b>subject</b>: <a href="Patient/example">Patient/example</a></p></div>
  </text>
  <clinicalStatus>
    <coding>
      <code value="active"/>
    </coding>
  </clinicalStatus>
  <verificationStatus>
    <coding>
      <code value="confirmed"/>
    </coding>
  </verificationStatus>
  <code>
    <coding>
      <system value="http://id.who.int/icd10"/>
      <code value="C50.2"/>
      <display value="Malignant neoplasm of upper-inner quadrant of breast"/>
    </coding>
  </code>
  <subject>
    <reference value="Patient/example"/>
  </subject>
</Condition>