{
  "resourceType" : "Location",
  "id" : "example-kenyatta-national-hospital-oncology",
  "meta" : {
    "profile" : ["http://example.org/StructureDefinition/oncology-kenya-location"]
  },
  "text" : {
    "status" : "generated",
    "div" : "<div xmlns=\"http://www.w3.org/1999/xhtml\"><p class=\"res-header-id\"><b>Generated Narrative: Location example-kenyatta-national-hospital-oncology</b></p><a name=\"example-kenyatta-national-hospital-oncology\"> </a><a name=\"hcexample-kenyatta-national-hospital-oncology\"> </a><div style=\"display: inline-block; background-color: #d9e0e7; padding: 6px; margin: 4px; border: 1px solid #8da1b4; border-radius: 5px; line-height: 60%\"><p style=\"margin-bottom: 0px\"/><p style=\"margin-bottom: 0px\">Profile: <a href=\"StructureDefinition-oncology-kenya-location.html\">Oncology Kenya Location</a></p></div><p><b>status</b>: Active</p><p><b>name</b>: Kenyatta National Hospital - Cancer Treatment Centre</p><p><b>mode</b>: Instance</p><p><b>type</b>: <span title=\"Codes:{http://terminology.hl7.org/CodeSystem/v3-RoleCode HOSP}\">Hospital</span></p><p><b>telecom</b>: <a href=\"tel:+254720000000\">+254720000000</a></p><p><b>address</b>: Hospital Road, Nairobi</p><p><b>physicalType</b>: <span title=\"Codes:{http://terminology.hl7.org/CodeSystem/location-physical-type bu}\">Building</span></p><h3>Positions</h3><table class=\"grid\"><tr><td style=\"display: none\">-</td><td><b>Longitude</b></td><td><b>Latitude</b></td></tr><tr><td style=\"display: none\">*</td><td>36.8065</td><td>-1.3008</td></tr></table><p><b>managingOrganization</b>: <a href=\"Organization/ministry-of-health\">Organization/ministry-of-health</a></p></div>"
  },
  "status" : "active",
  "name" : "Kenyatta National Hospital - Cancer Treatment Centre",
  "mode" : "instance",
  "type" : [{
    "coding" : [{
      "system" : "http://terminology.hl7.org/CodeSystem/v3-RoleCode",
      "code" : "HOSP",
      "display" : "Hospital"
    }]
  }],
  "telecom" : [{
    "system" : "phone",
    "value" : "+254720000000"
  }],
  "address" : {
    "text" : "Hospital Road, Nairobi",
    "city" : "Nairobi",
    "country" : "KE"
  },
  "physicalType" : {
    "coding" : [{
      "system" : "http://terminology.hl7.org/CodeSystem/location-physical-type",
      "code" : "bu",
      "display" : "Building"
    }]
  },
  "position" : {
    "longitude" : 36.8065,
    "latitude" : -1.3008
  },
  "managingOrganization" : {
    "reference" : "Organization/ministry-of-health"
  }
}