{
  "package": "medby",
  "version": "0.1.0",
  "fhirVersion": "4.0.1",
  "extensions": [],
  "profiles": {
    "Condition": [
      {
        "url": "http://example.org/StructureDefinition/oncology-kenya-condition",
        "title": "oncology kenya condition"
      }
    ],
    "Coverage": [
      {
        "url": "http://example.org/StructureDefinition/oncology-kenya-coverage",
        "title": "Oncology Kenya Coverage"
      }
    ],
    "DiagnosticReport": [
      {
        "url": "http://example.org/StructureDefinition/oncology-kenya-diagnosticreport",
        "title": "Oncology Kenya Diagnostic Report"
      }
    ],
    "MedicationRequest": [
      {
        "url": "http://example.org/StructureDefinition/oncology-kenya-medicationrequest",
        "title": "Oncology Kenya MedicationRequest"
      }
    ],
    "Observation": [
      {
        "url": "http://example.org/StructureDefinition/oncology-kenya-observation",
        "title": "Oncology Kenya Observation"
      }
    ],
    "Patient": [
      {
        "url": "http://example.org/StructureDefinition/oncology-kenya-patient",
        "title": "Oncology Kenya Patient"
      }
    ],
    "DocumentReference": [
      {
        "url": "http://example.org/StructureDefinition/oncology-kenya-registry-report",
        "title": "Oncology Kenya Registry Report"
      }
    ]
  },
  "usage": {
    "http://hl7.org/fhir/StructureDefinition/elementdefinition-bestpractice": [
      "StructureDefinition.snapshot.element.constraint"
    ],
    "http://hl7.org/fhir/StructureDefinition/elementdefinition-bestpractice-explanation": [
      "StructureDefinition.snapshot.element.constraint"
    ],
    "http://hl7.org/fhir/StructureDefinition/elementdefinition-bindingName": [
      "StructureDefinition.snapshot.element.binding"
    ],
    "http://hl7.org/fhir/StructureDefinition/elementdefinition-maxValueSet": [
      "StructureDefinition.snapshot.element.binding"
    ],
    "http://hl7.org/fhir/StructureDefinition/elementdefinition-translatable": [
      "StructureDefinition.snapshot.element"
    ],
    "http://hl7.org/fhir/StructureDefinition/structuredefinition-display-hint": [
      "StructureDefinition.snapshot.element"
    ],
    "http://hl7.org/fhir/StructureDefinition/structuredefinition-fhir-type": [
      "StructureDefinition.snapshot.element.type"
    ],
    "http://hl7.org/fhir/StructureDefinition/structuredefinition-hierarchy": [
      "StructureDefinition.snapshot.element.type"
    ],
    "http://hl7.org/fhir/tools/StructureDefinition/ig-internal-dependency": [
      "ImplementationGuide.definition"
    ],
    "http://hl7.org/fhir/tools/StructureDefinition/ig-page-name": [
      "ImplementationGuide.definition.page",
      "ImplementationGuide.definition.page.page"
    ],
    "http://hl7.org/fhir/tools/StructureDefinition/ig-parameter": [
      "ImplementationGuide.definition"
    ],
    "http://hl7.org/fhir/tools/StructureDefinition/implementationguide-dependency-comment": [
      "ImplementationGuide.dependsOn"
    ],
    "http://hl7.org/fhir/tools/StructureDefinition/resource-information": [
      "ImplementationGuide.definition.resource"
    ],
    "http://hl7.org/fhir/tools/StructureDefinition/snapshot-base-version": [
      "StructureDefinition.snapshot"
    ]
  }
}