<?xml version="1.0" encoding="UTF-8"?>

<ValueSet xmlns="http://hl7.org/fhir">
  <id value="cancer-icd10"/>
  <text>
    <status value="generated"/><div xmlns="http://www.w3.org/1999/xhtml"><p class="res-header-id"><b>Generated Narrative: ValueSet cancer-icd10</b></p><a name="cancer-icd10"> </a><a name="hccancer-icd10"> </a><p>This value set includes codes based on the following rules:</p><ul><li>Include all codes defined in <a href="http://terminology.hl7.org/6.4.0/CodeSystem-icd10.html"><code>http://hl7.org/fhir/sid/icd-10</code></a></li><li>Include these codes as defined in <a href="http://terminology.hl7.org/6.4.0/CodeSystem-icd10.html"><code>http://hl7.org/fhir/sid/icd-10</code></a><table class="none"><tr><td style="white-space:nowrap"><b>Code</b></td><td><b>Display</b></td></tr><tr><td>C50</td><td>Breast cancer</td></tr><tr><td>C53</td><td>Cervical cancer</td></tr><tr><td>C61</td><td>Prostate cancer</td></tr><tr><td>C34</td><td>Lung cancer</td></tr><tr><td>C18</td><td>Colorectal cancer</td></tr><tr><td>C15</td><td>Esophageal cancer</td></tr><tr><td>C92</td><td>Leukemia</td></tr></table></li></ul></div>
  </text>
  <url value="http://example.org/fhir/ValueSet/cancer-icd10"/>
  <version value="0.1.0"/>
  <name value="CancerICD10VS"/>
  <title value="Top Common Cancers in Kenya - ICD-10"/>
  <status value="active"/>
  <date value="2025-06-30T18:02:10+00:00"/>
  <publisher value="Medby_Tech"/>
  <contact>
    <name value="Medby_Tech"/>
    <telecom>
      <system value="url"/>
      <value value="http://example.org/example-publisher"/>
    </telecom>
  </contact>
  <description value="ICD-10 codes for the most common cancers in Kenya as per national strategy."/>
  <compose>
    <include>
      <system value="http://hl7.org/fhir/sid/icd-10"/>
    </include>
    <include>
      <system value="http://hl7.org/fhir/sid/icd-10"/>
      <concept>
        <code value="C50"/>
        <display value="Breast cancer"/>
      </concept>
      <concept>
        <code value="C53"/>
        <display value="Cervical cancer"/>
      </concept>
      <concept>
        <code value="C61"/>
        <display value="Prostate cancer"/>
      </concept>
      <concept>
        <code value="C34"/>
        <display value="Lung cancer"/>
      </concept>
      <concept>
        <code value="C18"/>
        <display value="Colorectal cancer"/>
      </concept>
      <concept>
        <code value="C15"/>
        <display value="Esophageal cancer"/>
      </concept>
      <concept>
        <code value="C92"/>
        <display value="Leukemia"/>
      </concept>
    </include>
  </compose>
</ValueSet>