{
  "codeSystems" : [
    {
      "url" : "http://example.org/ValueSet/cancer-observation-method-vs",
      "version" : "0.1.0",
      "status" : "active",
      "name" : "CancerObservationMethodVS",
      "title" : "Cancer Observation Method ValueSet",
      "description" : "Methods used to derive cancer observations such as histopathology, imaging, immunohistochemistry.",
      "systems" : ["http://example.org/fhir/CodeSystem/observation-methods"]
    },
    {
      "url" : "http://example.org/ValueSet/cancer-stage",
      "version" : "0.1.0",
      "status" : "draft",
      "name" : "CancerStageVS",
      "title" : "Cancer Stage ValueSet",
      "description" : "ValueSet for cancer stages commonly used in Kenya, e.g., Stage I–IV or TNM classifications.",
      "systems" : ["http://fhir.org/guides/kenya/CodeSystem/icd10-cancer-stage"]
    },
    {
      "url" : "http://example.org/ValueSet/ecog-status-vs",
      "version" : "0.1.0",
      "status" : "active",
      "name" : "ECOGStatusVS",
      "title" : "ECOG Performance Status",
      "description" : "Eastern Cooperative Oncology Group (ECOG) Performance Status codes.",
      "systems" : ["http://example.org/fhir/CodeSystem/ecog-performance"]
    },
    {
      "url" : "http://example.org/ValueSet/tumor-markers",
      "version" : "0.1.0",
      "status" : "draft",
      "name" : "TumorMarkerVS",
      "title" : "Tumor Marker ValueSet",
      "description" : "Tumor markers used in Kenyan oncology diagnostics.",
      "systems" : ["http://fhir.org/guides/kenya/CodeSystem/tumor-markers"]
    },
    {
      "url" : "http://example.org/fhir/ValueSet/cancer-icd10",
      "version" : "0.1.0",
      "status" : "active",
      "name" : "CancerICD10VS",
      "title" : "Top Common Cancers in Kenya - ICD-10",
      "description" : "ICD-10 codes for the most common cancers in Kenya as per national strategy.",
      "systems" : ["http://hl7.org/fhir/sid/icd-10"]
    },
    {
      "url" : "http://example.org/fhir/ValueSet/ecog-performance-status",
      "version" : "0.1.0",
      "status" : "active",
      "name" : "EcogPerformanceStatusVS",
      "title" : "ECOG Performance Status",
      "description" : "Standard ECOG performance status codes used to assess patient functional status.",
      "systems" : ["http://example.org/fhir/CodeSystem/ecog-status"]
    },
    {
      "url" : "http://hl7.org/fhir/ValueSet/address-type",
      "version" : "4.0.1",
      "status" : "active",
      "name" : "AddressType",
      "title" : "AddressType",
      "description" : "The type of an address (physical / postal).",
      "systems" : ["http://hl7.org/fhir/address-type"],
      "oids" : ["2.16.840.1.113883.4.642.3.69"],
      "sources" : ["2.16.840.1.113883.4.642.3.69"],
      "uses" : {
      },
      "StructureDefinition-oncology-kenya-location.html" : "Oncology Kenya Location",
      "StructureDefinition-oncology-kenya-practitioner.html" : "Oncology Practitioner Kenya",
      "StructureDefinition-oncology-kenya-patient.html" : "Oncology Kenya Patient"
    },
    {
      "url" : "http://hl7.org/fhir/ValueSet/address-use",
      "version" : "4.0.1",
      "status" : "active",
      "name" : "AddressUse",
      "title" : "AddressUse",
      "description" : "The use of an address.",
      "systems" : ["http://hl7.org/fhir/address-use"],
      "oids" : ["2.16.840.1.113883.4.642.3.67"],
      "sources" : ["2.16.840.1.113883.4.642.3.67"],
      "uses" : {
      },
      "StructureDefinition-oncology-kenya-location.html" : "Oncology Kenya Location",
      "StructureDefinition-oncology-kenya-practitioner.html" : "Oncology Practitioner Kenya",
      "StructureDefinition-oncology-kenya-patient.html" : "Oncology Kenya Patient"
    },
    {
      "url" : "http://hl7.org/fhir/ValueSet/administrative-gender",
      "version" : "4.0.1",
      "status" : "active",
      "name" : "AdministrativeGender",
      "title" : "AdministrativeGender",
      "description" : "The gender of a person used for administrative purposes.",
      "systems" : ["http://hl7.org/fhir/administrative-gender"],
      "oids" : ["2.16.840.1.113883.4.642.3.1"],
      "sources" : ["2.16.840.1.113883.4.642.3.1"],
      "uses" : {
      },
      "StructureDefinition-oncology-kenya-practitioner.html" : "Oncology Practitioner Kenya",
      "StructureDefinition-oncology-kenya-patient.html" : "Oncology Kenya Patient"
    },
    {
      "url" : "http://hl7.org/fhir/ValueSet/body-site",
      "version" : "4.0.1",
      "status" : "draft",
      "name" : "SNOMEDCTBodyStructures",
      "title" : "SNOMED CT Body Structures",
      "description" : "This value set includes all codes from [SNOMED CT](http://snomed.info/sct) where concept is-a 442083009 (Anatomical or acquired body site (body structure)).",
      "systems" : ["http://snomed.info/sct"],
      "oids" : ["2.16.840.1.113883.4.642.3.141"],
      "sources" : ["2.16.840.1.113883.4.642.3.141"],
      "uses" : {
      },
      "StructureDefinition-oncology-observation-kenya.html" : "Oncology Observation Kenya",
      "StructureDefinition-oncology-kenya-condition.html" : "Oncology Kenya Condition",
      "StructureDefinition-oncology-kenya-service-request.html" : "Oncology Service Request Kenya",
      "StructureDefinition-oncology-kenya-procedure.html" : "Oncology Procedure Kenya"
    },
    {
      "url" : "http://hl7.org/fhir/ValueSet/c80-facilitycodes",
      "version" : "4.0.1",
      "status" : "active",
      "name" : "FacilityTypeCodeValueSet",
      "title" : "Facility Type Code Value Set",
      "description" : "This is the code representing the type of organizational setting where the clinical encounter, service, interaction, or treatment occurred. The value set used for Healthcare Facility Type has been defined by HITSP to be the value set reproduced from HITSP C80 Table 2-147.",
      "systems" : ["http://snomed.info/sct"],
      "oids" : ["2.16.840.1.113883.3.88.12.80.67"],
      "sources" : ["2.16.840.1.113883.3.88.12.80.67"],
      "uses" : {
      },
      "StructureDefinition-oncology-kenya-registry-report.html" : "Oncology Kenya Registry Report"
    },
    {
      "url" : "http://hl7.org/fhir/ValueSet/c80-practice-codes",
      "version" : "4.0.1",
      "status" : "active",
      "name" : "PracticeSettingCodeValueSet",
      "title" : "Practice Setting Code Value Set",
      "description" : "This is the code representing the clinical specialty of the clinician or provider who interacted with, treated, or provided a service to/for the patient. The value set used for clinical specialty has been limited by HITSP to the value set reproduced from HITSP C80 Table 2-149 Clinical Specialty Value Set Definition.",
      "systems" : ["http://snomed.info/sct"],
      "oids" : ["2.16.840.1.113883.3.88.12.80.72"],
      "sources" : ["2.16.840.1.113883.3.88.12.80.72"],
      "uses" : {
      },
      "StructureDefinition-oncology-kenya-registry-report.html" : "Oncology Kenya Registry Report"
    },
    {
      "url" : "http://hl7.org/fhir/ValueSet/care-plan-activity-kind",
      "version" : "4.0.1",
      "status" : "draft",
      "name" : "CarePlanActivityKind",
      "title" : "Care Plan Activity Kind",
      "description" : "Resource types defined as part of FHIR that can be represented as in-line definitions of a care plan activity.",
      "systems" : ["http://hl7.org/fhir/resource-types"],
      "oids" : ["2.16.840.1.113883.4.642.3.145"],
      "sources" : ["2.16.840.1.113883.4.642.3.145"],
      "uses" : {
      },
      "StructureDefinition-oncology-kenya-careplan.html" : "Oncology Care Plan Kenya"
    },
    {
      "url" : "http://hl7.org/fhir/ValueSet/care-plan-activity-outcome",
      "version" : "4.0.1",
      "status" : "draft",
      "name" : "CarePlanActivityOutcome",
      "title" : "Care Plan Activity Outcome",
      "description" : "Example codes indicating the outcome of a care plan activity. Note that these are in no way complete and might not even be appropriate for some uses.",
      "systems" : ["http://snomed.info/sct"],
      "oids" : ["2.16.840.1.113883.4.642.3.149"],
      "sources" : ["2.16.840.1.113883.4.642.3.149"],
      "uses" : {
      },
      "StructureDefinition-oncology-kenya-careplan.html" : "Oncology Care Plan Kenya"
    },
    {
      "url" : "http://hl7.org/fhir/ValueSet/care-plan-activity-status",
      "version" : "4.0.1",
      "status" : "draft",
      "name" : "CarePlanActivityStatus",
      "title" : "CarePlanActivityStatus",
      "description" : "Codes that reflect the current state of a care plan activity within its overall life cycle.",
      "systems" : ["http://hl7.org/fhir/care-plan-activity-status"],
      "oids" : ["2.16.840.1.113883.4.642.3.146"],
      "sources" : ["2.16.840.1.113883.4.642.3.146"],
      "uses" : {
      },
      "StructureDefinition-oncology-kenya-careplan.html" : "Oncology Care Plan Kenya"
    },
    {
      "url" : "http://hl7.org/fhir/ValueSet/care-plan-intent",
      "version" : "4.0.1",
      "status" : "draft",
      "name" : "CarePlanIntent",
      "title" : "Care Plan Intent",
      "description" : "Codes indicating the degree of authority/intentionality associated with a care plan.",
      "systems" : ["http://hl7.org/fhir/request-intent"],
      "oids" : ["2.16.840.1.113883.4.642.3.150"],
      "sources" : ["2.16.840.1.113883.4.642.3.150"],
      "uses" : {
      },
      "StructureDefinition-oncology-kenya-careplan.html" : "Oncology Care Plan Kenya"
    },
    {
      "url" : "http://hl7.org/fhir/ValueSet/claim-careteamrole",
      "version" : "4.0.1",
      "status" : "draft",
      "name" : "ClaimCareTeamRoleCodes",
      "title" : "Claim Care Team Role Codes",
      "description" : "This value set includes sample Claim Care Team Role codes.",
      "systems" : ["http://terminology.hl7.org/CodeSystem/claimcareteamrole"],
      "oids" : ["2.16.840.1.113883.4.642.3.586"],
      "sources" : ["2.16.840.1.113883.4.642.3.586"],
      "uses" : {
      },
      "StructureDefinition-oncology-kenya-claim.html" : "Oncology Kenya Claim"
    },
    {
      "url" : "http://hl7.org/fhir/ValueSet/claim-exception",
      "version" : "4.0.1",
      "status" : "draft",
      "name" : "ExceptionCodes",
      "title" : "Exception Codes",
      "description" : "This value set includes sample Exception codes.",
      "systems" : ["http://terminology.hl7.org/CodeSystem/claim-exception"],
      "oids" : ["2.16.840.1.113883.4.642.3.580"],
      "sources" : ["2.16.840.1.113883.4.642.3.580"],
      "uses" : {
      },
      "StructureDefinition-oncology-kenya-claim.html" : "Oncology Kenya Claim"
    },
    {
      "url" : "http://hl7.org/fhir/ValueSet/claim-informationcategory",
      "version" : "4.0.1",
      "status" : "draft",
      "name" : "ClaimInformationCategoryCodes",
      "title" : "Claim Information Category Codes",
      "description" : "This value set includes sample Information Category codes.",
      "systems" : [
        "http://terminology.hl7.org/CodeSystem/claiminformationcategory"
      ],
      "oids" : ["2.16.840.1.113883.4.642.3.582"],
      "sources" : ["2.16.840.1.113883.4.642.3.582"],
      "uses" : {
      },
      "StructureDefinition-oncology-kenya-claim.html" : "Oncology Kenya Claim"
    },
    {
      "url" : "http://hl7.org/fhir/ValueSet/claim-modifiers",
      "version" : "4.0.1",
      "status" : "draft",
      "name" : "ModifierTypeCodes",
      "title" : "Modifier type Codes",
      "description" : "This value set includes sample Modifier type codes.",
      "systems" : ["http://terminology.hl7.org/CodeSystem/modifiers"],
      "oids" : ["2.16.840.1.113883.4.642.3.536"],
      "sources" : ["2.16.840.1.113883.4.642.3.536"],
      "uses" : {
      },
      "StructureDefinition-oncology-kenya-claim.html" : "Oncology Kenya Claim"
    },
    {
      "url" : "http://hl7.org/fhir/ValueSet/claim-subtype",
      "version" : "4.0.1",
      "status" : "draft",
      "name" : "ExampleClaimSubTypeCodes",
      "title" : "Example Claim SubType Codes",
      "description" : "This value set includes sample Claim SubType codes which are used to distinguish the claim types for example within type institutional there may be subtypes for emergency services, bed stay and transportation.",
      "systems" : ["http://terminology.hl7.org/CodeSystem/ex-claimsubtype"],
      "oids" : ["2.16.840.1.113883.4.642.3.566"],
      "sources" : ["2.16.840.1.113883.4.642.3.566"],
      "uses" : {
      },
      "StructureDefinition-oncology-kenya-claim.html" : "Oncology Kenya Claim"
    },
    {
      "url" : "http://hl7.org/fhir/ValueSet/claim-type",
      "version" : "4.0.1",
      "status" : "draft",
      "name" : "ClaimTypeCodes",
      "title" : "Claim Type Codes",
      "description" : "This value set includes Claim Type codes.",
      "systems" : ["http://terminology.hl7.org/CodeSystem/claim-type"],
      "oids" : ["2.16.840.1.113883.4.642.3.558"],
      "sources" : ["2.16.840.1.113883.4.642.3.558"],
      "uses" : {
      },
      "StructureDefinition-oncology-kenya-claim.html" : "Oncology Kenya Claim"
    },
    {
      "url" : "http://hl7.org/fhir/ValueSet/claim-use",
      "version" : "4.0.1",
      "status" : "draft",
      "name" : "Use",
      "title" : "Use",
      "description" : "The purpose of the Claim: predetermination, preauthorization, claim.",
      "systems" : ["http://hl7.org/fhir/claim-use"],
      "oids" : ["2.16.840.1.113883.4.642.3.544"],
      "sources" : ["2.16.840.1.113883.4.642.3.544"],
      "uses" : {
      },
      "StructureDefinition-oncology-kenya-claim.html" : "Oncology Kenya Claim"
    },
    {
      "url" : "http://hl7.org/fhir/ValueSet/clinical-findings",
      "version" : "4.0.1",
      "status" : "draft",
      "name" : "SNOMEDCTClinicalFindings",
      "title" : "SNOMED CT Clinical Findings",
      "description" : "This value set includes all the \"Clinical finding\" [SNOMED CT](http://snomed.info/sct) codes - concepts where concept is-a 404684003 (Clinical finding (finding)).",
      "systems" : ["http://snomed.info/sct"],
      "oids" : ["2.16.840.1.113883.4.642.3.232"],
      "sources" : ["2.16.840.1.113883.4.642.3.232"],
      "uses" : {
      },
      "StructureDefinition-oncology-kenya-careplan.html" : "Oncology Care Plan Kenya",
      "StructureDefinition-oncology-diagnostic-report-kenya.html" : "Oncology Diagnostic Report Kenya"
    },
    {
      "url" : "http://hl7.org/fhir/ValueSet/composition-status",
      "version" : "4.0.1",
      "status" : "draft",
      "name" : "CompositionStatus",
      "title" : "CompositionStatus",
      "description" : "The workflow/clinical status of the composition.",
      "systems" : ["http://hl7.org/fhir/composition-status"],
      "oids" : ["2.16.840.1.113883.4.642.3.241"],
      "sources" : ["2.16.840.1.113883.4.642.3.241"],
      "uses" : {
      },
      "StructureDefinition-oncology-kenya-registry-report.html" : "Oncology Kenya Registry Report"
    },
    {
      "url" : "http://hl7.org/fhir/ValueSet/condition-clinical",
      "version" : "4.0.1",
      "status" : "draft",
      "name" : "ConditionClinicalStatusCodes",
      "title" : "Condition Clinical Status Codes",
      "description" : "Preferred value set for Condition Clinical Status.",
      "systems" : ["http://terminology.hl7.org/CodeSystem/condition-clinical"],
      "oids" : ["2.16.840.1.113883.4.642.3.164"],
      "sources" : ["2.16.840.1.113883.4.642.3.164"],
      "uses" : {
      },
      "StructureDefinition-oncology-kenya-condition.html" : "Oncology Kenya Condition"
    },
    {
      "url" : "http://hl7.org/fhir/ValueSet/condition-severity",
      "version" : "4.0.1",
      "status" : "draft",
      "name" : "Condition/DiagnosisSeverity",
      "title" : "Condition/Diagnosis Severity",
      "description" : "Preferred value set for Condition/Diagnosis severity grading.",
      "systems" : ["http://snomed.info/sct"],
      "oids" : ["2.16.840.1.113883.4.642.3.168"],
      "sources" : ["2.16.840.1.113883.4.642.3.168"],
      "uses" : {
      },
      "StructureDefinition-oncology-kenya-condition.html" : "Oncology Kenya Condition"
    },
    {
      "url" : "http://hl7.org/fhir/ValueSet/condition-stage",
      "version" : "4.0.1",
      "status" : "draft",
      "name" : "ConditionStage",
      "title" : "Condition Stage",
      "description" : "Example value set for stages of cancer and other conditions.",
      "systems" : ["http://snomed.info/sct"],
      "oids" : ["2.16.840.1.113883.4.642.3.170"],
      "sources" : ["2.16.840.1.113883.4.642.3.170"],
      "uses" : {
      },
      "StructureDefinition-oncology-kenya-condition.html" : "Oncology Kenya Condition"
    },
    {
      "url" : "http://hl7.org/fhir/ValueSet/condition-stage-type",
      "version" : "4.0.1",
      "status" : "draft",
      "name" : "ConditionStageType",
      "title" : "Condition Stage Type",
      "description" : "Example value set for the type of stages of cancer and other conditions",
      "systems" : ["http://snomed.info/sct"],
      "oids" : ["2.16.840.1.113883.4.642.3.171"],
      "sources" : ["2.16.840.1.113883.4.642.3.171"],
      "uses" : {
      },
      "StructureDefinition-oncology-kenya-condition.html" : "Oncology Kenya Condition"
    },
    {
      "url" : "http://hl7.org/fhir/ValueSet/condition-ver-status",
      "version" : "4.0.1",
      "status" : "draft",
      "name" : "ConditionVerificationStatus",
      "title" : "ConditionVerificationStatus",
      "description" : "The verification status to support or decline the clinical status of the condition or diagnosis.",
      "systems" : ["http://terminology.hl7.org/CodeSystem/condition-ver-status"],
      "oids" : ["2.16.840.1.113883.4.642.3.166"],
      "sources" : ["2.16.840.1.113883.4.642.3.166"],
      "uses" : {
      },
      "StructureDefinition-oncology-kenya-condition.html" : "Oncology Kenya Condition"
    },
    {
      "url" : "http://hl7.org/fhir/ValueSet/contact-point-system",
      "version" : "4.0.1",
      "status" : "active",
      "name" : "ContactPointSystem",
      "title" : "ContactPointSystem",
      "description" : "Telecommunications form for contact point.",
      "systems" : ["http://hl7.org/fhir/contact-point-system"],
      "oids" : ["2.16.840.1.113883.4.642.3.71"],
      "sources" : ["2.16.840.1.113883.4.642.3.71"],
      "uses" : {
      },
      "StructureDefinition-oncology-kenya-patient.html" : "Oncology Kenya Patient"
    },
    {
      "url" : "http://hl7.org/fhir/ValueSet/contact-point-use",
      "version" : "4.0.1",
      "status" : "active",
      "name" : "ContactPointUse",
      "title" : "ContactPointUse",
      "description" : "Use of contact point.",
      "systems" : ["http://hl7.org/fhir/contact-point-use"],
      "oids" : ["2.16.840.1.113883.4.642.3.73"],
      "sources" : ["2.16.840.1.113883.4.642.3.73"],
      "uses" : {
      },
      "StructureDefinition-oncology-kenya-patient.html" : "Oncology Kenya Patient"
    },
    {
      "url" : "http://hl7.org/fhir/ValueSet/coverage-class",
      "version" : "4.0.1",
      "status" : "draft",
      "name" : "CoverageClassCodes",
      "title" : "Coverage Class Codes",
      "description" : "This value set includes Coverage Class codes.",
      "systems" : ["http://terminology.hl7.org/CodeSystem/coverage-class"],
      "oids" : ["2.16.840.1.113883.4.642.3.1009"],
      "sources" : ["2.16.840.1.113883.4.642.3.1009"],
      "uses" : {
      },
      "StructureDefinition-oncology-kenya-coverage.html" : "Oncology Kenya Coverage"
    },
    {
      "url" : "http://hl7.org/fhir/ValueSet/coverage-copay-type",
      "version" : "4.0.1",
      "status" : "draft",
      "name" : "CoverageCopayTypeCodes",
      "title" : "Coverage Copay Type Codes",
      "description" : "This value set includes sample Coverage Copayment Type codes.",
      "systems" : ["http://terminology.hl7.org/CodeSystem/coverage-copay-type"],
      "oids" : ["2.16.840.1.113883.4.642.3.527"],
      "sources" : ["2.16.840.1.113883.4.642.3.527"],
      "uses" : {
      },
      "StructureDefinition-oncology-kenya-coverage.html" : "Oncology Kenya Coverage"
    },
    {
      "url" : "http://hl7.org/fhir/ValueSet/coverage-financial-exception",
      "version" : "4.0.1",
      "status" : "draft",
      "name" : "ExampleCoverageFinancialExceptionCodes",
      "title" : "Example Coverage Financial Exception Codes",
      "description" : "This value set includes Example Coverage Financial Exception Codes.",
      "systems" : [
        "http://terminology.hl7.org/CodeSystem/ex-coverage-financial-exception"
      ],
      "oids" : ["2.16.840.1.113883.4.642.3.1328"],
      "sources" : ["2.16.840.1.113883.4.642.3.1328"],
      "uses" : {
      },
      "StructureDefinition-oncology-kenya-coverage.html" : "Oncology Kenya Coverage"
    },
    {
      "url" : "http://hl7.org/fhir/ValueSet/data-absent-reason",
      "version" : "4.0.1",
      "status" : "active",
      "name" : "DataAbsentReason",
      "title" : "DataAbsentReason",
      "description" : "Used to specify why the normally expected content of the data element is missing.",
      "systems" : ["http://terminology.hl7.org/CodeSystem/data-absent-reason"],
      "oids" : ["2.16.840.1.113883.4.642.3.5"],
      "sources" : ["2.16.840.1.113883.4.642.3.5"],
      "uses" : {
      },
      "StructureDefinition-oncology-observation-kenya.html" : "Oncology Observation Kenya"
    },
    {
      "url" : "http://hl7.org/fhir/ValueSet/days-of-week",
      "version" : "4.0.1",
      "status" : "active",
      "name" : "DaysOfWeek",
      "title" : "DaysOfWeek",
      "description" : "The days of the week.",
      "systems" : ["http://hl7.org/fhir/days-of-week"],
      "oids" : ["2.16.840.1.113883.4.642.3.512"],
      "sources" : ["2.16.840.1.113883.4.642.3.512"],
      "uses" : {
      },
      "StructureDefinition-oncology-kenya-practitioner-role.html" : "Oncology Practitioner Role Kenya",
      "StructureDefinition-oncology-kenya-location.html" : "Oncology Kenya Location"
    },
    {
      "url" : "http://hl7.org/fhir/ValueSet/device-action",
      "version" : "4.0.1",
      "status" : "draft",
      "name" : "ProcedureDeviceActionCodes",
      "title" : "Procedure Device Action Codes",
      "description" : "Example codes indicating the change that happened to the device during the procedure.  Note that these are in no way complete and might not even be appropriate for some uses.",
      "systems" : ["http://snomed.info/sct"],
      "oids" : ["2.16.840.1.113883.4.642.3.425"],
      "sources" : ["2.16.840.1.113883.4.642.3.425"],
      "uses" : {
      },
      "StructureDefinition-oncology-kenya-procedure.html" : "Oncology Procedure Kenya"
    },
    {
      "url" : "http://hl7.org/fhir/ValueSet/device-kind",
      "version" : "4.0.1",
      "status" : "draft",
      "name" : "FHIRDeviceTypes",
      "title" : "FHIR Device Types",
      "description" : "Codes used to identify medical devices. Includes concepts from SNOMED CT (http://www.snomed.org/) where concept is-a 49062001 (Device)  and is provided as a suggestive example.",
      "systems" : ["http://snomed.info/sct"],
      "oids" : ["2.16.840.1.113883.4.642.3.208"],
      "sources" : ["2.16.840.1.113883.4.642.3.208"],
      "uses" : {
      },
      "StructureDefinition-oncology-kenya-procedure.html" : "Oncology Procedure Kenya"
    },
    {
      "url" : "http://hl7.org/fhir/ValueSet/diagnosis-role",
      "version" : "4.0.1",
      "status" : "draft",
      "name" : "DiagnosisRole",
      "title" : "DiagnosisRole",
      "description" : "This value set defines a set of codes that can be used to express the role of a diagnosis on the Encounter or EpisodeOfCare record.",
      "systems" : ["http://terminology.hl7.org/CodeSystem/diagnosis-role"],
      "oids" : ["2.16.840.1.113883.4.642.3.49"],
      "sources" : ["2.16.840.1.113883.4.642.3.49"],
      "uses" : {
      },
      "StructureDefinition-oncology-kenya-encounter.html" : "Oncology Encounter Kenya"
    },
    {
      "url" : "http://hl7.org/fhir/ValueSet/diagnostic-report-status",
      "version" : "4.0.1",
      "status" : "draft",
      "name" : "DiagnosticReportStatus",
      "title" : "DiagnosticReportStatus",
      "description" : "The status of the diagnostic report.",
      "systems" : ["http://hl7.org/fhir/diagnostic-report-status"],
      "oids" : ["2.16.840.1.113883.4.642.3.235"],
      "sources" : ["2.16.840.1.113883.4.642.3.235"],
      "uses" : {
      },
      "StructureDefinition-oncology-kenya-diagnosticreport.html" : "Oncology Kenya Diagnostic Report",
      "StructureDefinition-oncology-diagnostic-report-kenya.html" : "Oncology Diagnostic Report Kenya"
    },
    {
      "url" : "http://hl7.org/fhir/ValueSet/diagnostic-service-sections",
      "version" : "4.0.1",
      "status" : "draft",
      "name" : "DiagnosticServiceSectionCodes",
      "title" : "Diagnostic Service Section Codes",
      "description" : "This value set includes all the codes in HL7 V2 table 0074.",
      "systems" : ["http://terminology.hl7.org/CodeSystem/v2-0074"],
      "oids" : ["2.16.840.1.113883.4.642.3.234"],
      "sources" : ["2.16.840.1.113883.4.642.3.234"],
      "uses" : {
      },
      "StructureDefinition-oncology-kenya-diagnosticreport.html" : "Oncology Kenya Diagnostic Report"
    },
    {
      "url" : "http://hl7.org/fhir/ValueSet/document-classcodes",
      "version" : "4.0.1",
      "status" : "active",
      "name" : "DocumentClassValueSet",
      "title" : "Document Class Value Set",
      "description" : "This is the code specifying the high-level kind of document (e.g. Prescription, Discharge Summary, Report, etc.). Note: Class code for documents comes from LOINC, and is based upon one of the following:The type of service described by the document. It is described at a very high level in Section 7.3 of the LOINC Manual. The type study performed. It was determined by identifying modalities for study reports. The section of the chart where the document is placed. It was determined from the SETs created for Claims Attachment requests.",
      "systems" : ["http://loinc.org"],
      "oids" : ["2.16.840.1.113883.3.88.12.80.46"],
      "sources" : ["2.16.840.1.113883.3.88.12.80.46"],
      "uses" : {
      },
      "StructureDefinition-oncology-kenya-registry-report.html" : "Oncology Kenya Registry Report"
    },
    {
      "url" : "http://hl7.org/fhir/ValueSet/document-reference-status",
      "version" : "4.0.1",
      "status" : "draft",
      "name" : "DocumentReferenceStatus",
      "title" : "DocumentReferenceStatus",
      "description" : "The status of the document reference.",
      "systems" : ["http://hl7.org/fhir/document-reference-status"],
      "oids" : ["2.16.840.1.113883.4.642.3.7"],
      "sources" : ["2.16.840.1.113883.4.642.3.7"],
      "uses" : {
      },
      "StructureDefinition-oncology-kenya-registry-report.html" : "Oncology Kenya Registry Report"
    },
    {
      "url" : "http://hl7.org/fhir/ValueSet/document-relationship-type",
      "version" : "4.0.1",
      "status" : "draft",
      "name" : "DocumentRelationshipType",
      "title" : "DocumentRelationshipType",
      "description" : "The type of relationship between documents.",
      "systems" : ["http://hl7.org/fhir/document-relationship-type"],
      "oids" : ["2.16.840.1.113883.4.642.3.244"],
      "sources" : ["2.16.840.1.113883.4.642.3.244"],
      "uses" : {
      },
      "StructureDefinition-oncology-kenya-registry-report.html" : "Oncology Kenya Registry Report"
    },
    {
      "url" : "http://hl7.org/fhir/ValueSet/encounter-admit-source",
      "version" : "4.0.1",
      "status" : "draft",
      "name" : "AdmitSource",
      "title" : "Admit source",
      "description" : "This value set defines a set of codes that can be used to indicate from where the patient came in.",
      "systems" : ["http://terminology.hl7.org/CodeSystem/admit-source"],
      "oids" : ["2.16.840.1.113883.4.642.3.257"],
      "sources" : ["2.16.840.1.113883.4.642.3.257"],
      "uses" : {
      },
      "StructureDefinition-oncology-kenya-encounter.html" : "Oncology Encounter Kenya"
    },
    {
      "url" : "http://hl7.org/fhir/ValueSet/encounter-diet",
      "version" : "4.0.1",
      "status" : "draft",
      "name" : "Diet",
      "title" : "Diet",
      "description" : "This value set defines a set of codes that can be used to indicate dietary preferences or restrictions a patient may have.",
      "systems" : ["http://terminology.hl7.org/CodeSystem/diet"],
      "oids" : ["2.16.840.1.113883.4.642.3.255"],
      "sources" : ["2.16.840.1.113883.4.642.3.255"],
      "uses" : {
      },
      "StructureDefinition-oncology-kenya-encounter.html" : "Oncology Encounter Kenya"
    },
    {
      "url" : "http://hl7.org/fhir/ValueSet/encounter-discharge-disposition",
      "version" : "4.0.1",
      "status" : "draft",
      "name" : "DischargeDisposition",
      "title" : "Discharge disposition",
      "description" : "This value set defines a set of codes that can be used to where the patient left the hospital.",
      "systems" : [
        "http://terminology.hl7.org/CodeSystem/discharge-disposition"
      ],
      "oids" : ["2.16.840.1.113883.4.642.3.259"],
      "sources" : ["2.16.840.1.113883.4.642.3.259"],
      "uses" : {
      },
      "StructureDefinition-oncology-kenya-encounter.html" : "Oncology Encounter Kenya"
    },
    {
      "url" : "http://hl7.org/fhir/ValueSet/encounter-location-status",
      "version" : "4.0.1",
      "status" : "draft",
      "name" : "EncounterLocationStatus",
      "title" : "EncounterLocationStatus",
      "description" : "The status of the location.",
      "systems" : ["http://hl7.org/fhir/encounter-location-status"],
      "oids" : ["2.16.840.1.113883.4.642.3.262"],
      "sources" : ["2.16.840.1.113883.4.642.3.262"],
      "uses" : {
      },
      "StructureDefinition-oncology-kenya-encounter.html" : "Oncology Encounter Kenya"
    },
    {
      "url" : "http://hl7.org/fhir/ValueSet/encounter-participant-type",
      "version" : "4.0.1",
      "status" : "draft",
      "name" : "ParticipantType",
      "title" : "Participant type",
      "description" : "This value set defines a set of codes that can be used to indicate how an individual participates in an encounter.",
      "systems" : [
        "http://terminology.hl7.org/CodeSystem/participant-type",
        "http://terminology.hl7.org/CodeSystem/v3-ParticipationType"
      ],
      "oids" : ["2.16.840.1.113883.4.642.3.250"],
      "sources" : ["2.16.840.1.113883.4.642.3.250"],
      "uses" : {
      },
      "StructureDefinition-oncology-kenya-encounter.html" : "Oncology Encounter Kenya"
    },
    {
      "url" : "http://hl7.org/fhir/ValueSet/encounter-special-arrangements",
      "version" : "4.0.1",
      "status" : "draft",
      "name" : "SpecialArrangements",
      "title" : "Special arrangements",
      "description" : "This value set defines a set of codes that can be used to indicate the kinds of special arrangements in place for a patients visit.",
      "systems" : [
        "http://terminology.hl7.org/CodeSystem/encounter-special-arrangements"
      ],
      "oids" : ["2.16.840.1.113883.4.642.3.253"],
      "sources" : ["2.16.840.1.113883.4.642.3.253"],
      "uses" : {
      },
      "StructureDefinition-oncology-kenya-encounter.html" : "Oncology Encounter Kenya"
    },
    {
      "url" : "http://hl7.org/fhir/ValueSet/encounter-special-courtesy",
      "version" : "4.0.1",
      "status" : "draft",
      "name" : "SpecialCourtesy",
      "title" : "Special courtesy",
      "description" : "This value set defines a set of codes that can be used to indicate special courtesies provided to the patient.",
      "systems" : [
        "http://terminology.hl7.org/CodeSystem/v3-EncounterSpecialCourtesy",
        "http://terminology.hl7.org/CodeSystem/v3-NullFlavor"
      ],
      "oids" : ["2.16.840.1.113883.4.642.3.252"],
      "sources" : ["2.16.840.1.113883.4.642.3.252"],
      "uses" : {
      },
      "StructureDefinition-oncology-kenya-encounter.html" : "Oncology Encounter Kenya"
    },
    {
      "url" : "http://hl7.org/fhir/ValueSet/encounter-status",
      "version" : "4.0.1",
      "status" : "draft",
      "name" : "EncounterStatus",
      "title" : "EncounterStatus",
      "description" : "Current state of the encounter.",
      "systems" : ["http://hl7.org/fhir/encounter-status"],
      "oids" : ["2.16.840.1.113883.4.642.3.246"],
      "sources" : ["2.16.840.1.113883.4.642.3.246"],
      "uses" : {
      },
      "StructureDefinition-oncology-kenya-encounter.html" : "Oncology Encounter Kenya"
    },
    {
      "url" : "http://hl7.org/fhir/ValueSet/event-status",
      "version" : "4.0.1",
      "status" : "draft",
      "name" : "EventStatus",
      "title" : "EventStatus",
      "description" : "Codes identifying the lifecycle stage of an event.",
      "systems" : ["http://hl7.org/fhir/event-status"],
      "oids" : ["2.16.840.1.113883.4.642.3.109"],
      "sources" : ["2.16.840.1.113883.4.642.3.109"],
      "uses" : {
      },
      "StructureDefinition-oncology-kenya-procedure.html" : "Oncology Procedure Kenya"
    },
    {
      "url" : "http://hl7.org/fhir/ValueSet/ex-benefitcategory",
      "version" : "4.0.1",
      "status" : "draft",
      "name" : "BenefitCategoryCodes",
      "title" : "Benefit Category Codes",
      "description" : "This value set includes examples of Benefit Category codes.",
      "systems" : ["http://terminology.hl7.org/CodeSystem/ex-benefitcategory"],
      "oids" : ["2.16.840.1.113883.4.642.3.1174"],
      "sources" : ["2.16.840.1.113883.4.642.3.1174"],
      "uses" : {
      },
      "StructureDefinition-oncology-kenya-claim.html" : "Oncology Kenya Claim"
    },
    {
      "url" : "http://hl7.org/fhir/ValueSet/ex-diagnosis-on-admission",
      "version" : "4.0.1",
      "status" : "draft",
      "name" : "ExampleDiagnosisOnAdmissionCodes",
      "title" : "Example Diagnosis on Admission Codes",
      "description" : "This value set includes example Diagnosis on Admission codes.",
      "systems" : [
        "http://terminology.hl7.org/CodeSystem/ex-diagnosis-on-admission"
      ],
      "oids" : ["2.16.840.1.113883.4.642.3.1169"],
      "sources" : ["2.16.840.1.113883.4.642.3.1169"],
      "uses" : {
      },
      "StructureDefinition-oncology-kenya-claim.html" : "Oncology Kenya Claim"
    },
    {
      "url" : "http://hl7.org/fhir/ValueSet/ex-diagnosisrelatedgroup",
      "version" : "4.0.1",
      "status" : "draft",
      "name" : "ExampleDiagnosisRelatedGroupCodes",
      "title" : "Example Diagnosis Related Group Codes",
      "description" : "This value set includes example Diagnosis Related Group codes.",
      "systems" : [
        "http://terminology.hl7.org/CodeSystem/ex-diagnosisrelatedgroup"
      ],
      "oids" : ["2.16.840.1.113883.4.642.3.588"],
      "sources" : ["2.16.840.1.113883.4.642.3.588"],
      "uses" : {
      },
      "StructureDefinition-oncology-kenya-claim.html" : "Oncology Kenya Claim"
    },
    {
      "url" : "http://hl7.org/fhir/ValueSet/ex-diagnosistype",
      "version" : "4.0.1",
      "status" : "draft",
      "name" : "ExampleDiagnosisTypeCodes",
      "title" : "Example Diagnosis Type Codes",
      "description" : "This value set includes example Diagnosis Type codes.",
      "systems" : ["http://terminology.hl7.org/CodeSystem/ex-diagnosistype"],
      "oids" : ["2.16.840.1.113883.4.642.3.590"],
      "sources" : ["2.16.840.1.113883.4.642.3.590"],
      "uses" : {
      },
      "StructureDefinition-oncology-kenya-claim.html" : "Oncology Kenya Claim"
    },
    {
      "url" : "http://hl7.org/fhir/ValueSet/ex-procedure-type",
      "version" : "4.0.1",
      "status" : "draft",
      "name" : "ExampleProcedureTypeCodes",
      "title" : "Example Procedure Type Codes",
      "description" : "This value set includes example Procedure Type codes.",
      "systems" : ["http://terminology.hl7.org/CodeSystem/ex-procedure-type"],
      "oids" : ["2.16.840.1.113883.4.642.3.1387"],
      "sources" : ["2.16.840.1.113883.4.642.3.1387"],
      "uses" : {
      },
      "StructureDefinition-oncology-kenya-claim.html" : "Oncology Kenya Claim"
    },
    {
      "url" : "http://hl7.org/fhir/ValueSet/ex-program-code",
      "version" : "4.0.1",
      "status" : "draft",
      "name" : "ExampleProgramReasonCodes",
      "title" : "Example Program Reason Codes",
      "description" : "This value set includes sample Program Reason Span codes.",
      "systems" : ["http://terminology.hl7.org/CodeSystem/ex-programcode"],
      "oids" : ["2.16.840.1.113883.4.642.3.576"],
      "sources" : ["2.16.840.1.113883.4.642.3.576"],
      "uses" : {
      },
      "StructureDefinition-oncology-kenya-claim.html" : "Oncology Kenya Claim"
    },
    {
      "url" : "http://hl7.org/fhir/ValueSet/ex-revenue-center",
      "version" : "4.0.1",
      "status" : "draft",
      "name" : "ExampleRevenueCenterCodes",
      "title" : "Example Revenue Center Codes",
      "description" : "This value set includes sample Revenue Center codes.",
      "systems" : ["http://terminology.hl7.org/CodeSystem/ex-revenue-center"],
      "oids" : ["2.16.840.1.113883.4.642.3.594"],
      "sources" : ["2.16.840.1.113883.4.642.3.594"],
      "uses" : {
      },
      "StructureDefinition-oncology-kenya-claim.html" : "Oncology Kenya Claim"
    },
    {
      "url" : "http://hl7.org/fhir/ValueSet/fm-status",
      "version" : "4.0.1",
      "status" : "draft",
      "name" : "FinancialResourceStatusCodes",
      "title" : "Financial Resource Status Codes",
      "description" : "This value set includes Status codes.",
      "systems" : ["http://hl7.org/fhir/fm-status"],
      "oids" : ["2.16.840.1.113883.4.642.3.592"],
      "sources" : ["2.16.840.1.113883.4.642.3.592"],
      "uses" : {
      },
      "StructureDefinition-oncology-kenya-claim.html" : "Oncology Kenya Claim",
      "StructureDefinition-oncology-kenya-coverage.html" : "Oncology Kenya Coverage"
    },
    {
      "url" : "http://hl7.org/fhir/ValueSet/formatcodes",
      "version" : "4.0.1",
      "status" : "active",
      "name" : "DocumentReferenceFormatCodeSet",
      "title" : "DocumentReference Format Code Set",
      "description" : "The value set is defined to be the set of format codes defined by the IHE Technical Framework, and also including additional format codes defined by the    HL7. The value set is listed in HITSP C80 Table 2-153 Format Code Value Set Definition,    with additions published later by IHE as published    at http://wiki.ihe.net/index.php?title=IHE_Format_Codes   and with additions published later by HL7 as published at https://confluence.hl7.org/display/SD/Format+Codes+for+IHE+XDS.   This is the code specifying the technical format of the document. Along with the typeCode,    it should provide sufficient information to allow any potential document consumer to know    if it will be able to process the document. The code shall be sufficiently specific to    ensure processing/display by identifying a document encoding, structure and template. The actual list of codes here is incomplete",
      "systems" : ["http://ihe.net/fhir/ValueSet/IHE.FormatCode.codesystem"],
      "oids" : ["1.3.6.1.4.1.19376.1.2.7.1"],
      "sources" : ["1.3.6.1.4.1.19376.1.2.7.1"],
      "uses" : {
      },
      "StructureDefinition-oncology-kenya-registry-report.html" : "Oncology Kenya Registry Report"
    },
    {
      "url" : "http://hl7.org/fhir/ValueSet/fundsreserve",
      "version" : "4.0.1",
      "status" : "draft",
      "name" : "Funds Reservation Codes",
      "title" : "FundsReserve",
      "description" : "This value set includes sample funds reservation type codes.",
      "systems" : ["http://terminology.hl7.org/CodeSystem/fundsreserve"],
      "oids" : ["2.16.840.1.113883.4.642.3.33"],
      "sources" : ["2.16.840.1.113883.4.642.3.33"],
      "uses" : {
      },
      "StructureDefinition-oncology-kenya-claim.html" : "Oncology Kenya Claim"
    },
    {
      "url" : "http://hl7.org/fhir/ValueSet/icd-10",
      "version" : "4.0.1",
      "status" : "draft",
      "name" : "ICD-10Codes",
      "title" : "ICD-10 Codes",
      "description" : "This value set includes sample ICD-10 codes.",
      "systems" : ["http://hl7.org/fhir/sid/icd-10"],
      "oids" : ["2.16.840.1.113883.4.642.3.531"],
      "sources" : ["2.16.840.1.113883.4.642.3.531"],
      "uses" : {
      },
      "StructureDefinition-oncology-kenya-claim.html" : "Oncology Kenya Claim"
    },
    {
      "url" : "http://hl7.org/fhir/ValueSet/icd-10-procedures",
      "version" : "4.0.1",
      "status" : "draft",
      "name" : "ICD-10ProcedureCodes",
      "title" : "ICD-10 Procedure Codes",
      "description" : "This value set includes sample ICD-10 Procedure codes.",
      "systems" : ["http://hl7.org/fhir/sid/ex-icd-10-procedures"],
      "oids" : ["2.16.840.1.113883.4.642.3.574"],
      "sources" : ["2.16.840.1.113883.4.642.3.574"],
      "uses" : {
      },
      "StructureDefinition-oncology-kenya-claim.html" : "Oncology Kenya Claim"
    },
    {
      "url" : "http://hl7.org/fhir/ValueSet/identifier-type",
      "version" : "4.0.1",
      "status" : "active",
      "name" : "Identifier Type Codes",
      "title" : "IdentifierType",
      "description" : "A coded type for an identifier that can be used to determine which identifier to use for a specific purpose.",
      "systems" : ["http://terminology.hl7.org/CodeSystem/v2-0203"],
      "oids" : ["2.16.840.1.113883.4.642.3.45"],
      "sources" : ["2.16.840.1.113883.4.642.3.45"],
      "uses" : {
      },
      "StructureDefinition-oncology-kenya-practitioner.html" : "Oncology Practitioner Kenya",
      "StructureDefinition-oncology-kenya-patient.html" : "Oncology Kenya Patient"
    },
    {
      "url" : "http://hl7.org/fhir/ValueSet/identifier-use",
      "version" : "4.0.1",
      "status" : "active",
      "name" : "IdentifierUse",
      "title" : "IdentifierUse",
      "description" : "Identifies the purpose for this identifier, if known .",
      "systems" : ["http://hl7.org/fhir/identifier-use"],
      "oids" : ["2.16.840.1.113883.4.642.3.57"],
      "sources" : ["2.16.840.1.113883.4.642.3.57"],
      "uses" : {
      },
      "StructureDefinition-oncology-kenya-practitioner.html" : "Oncology Practitioner Kenya",
      "StructureDefinition-oncology-kenya-patient.html" : "Oncology Kenya Patient"
    },
    {
      "url" : "http://hl7.org/fhir/ValueSet/languages",
      "version" : "4.0.1",
      "status" : "draft",
      "name" : "CommonLanguages",
      "title" : "Common Languages",
      "description" : "This value set includes common codes from BCP-47 (http://tools.ietf.org/html/bcp47)",
      "systems" : ["urn:ietf:bcp:47"],
      "oids" : ["2.16.840.1.113883.4.642.3.20"],
      "sources" : ["2.16.840.1.113883.4.642.3.20"],
      "uses" : {
      },
      "StructureDefinition-oncology-kenya-diagnosticreport.html" : "Oncology Kenya Diagnostic Report",
      "StructureDefinition-oncology-kenya-encounter.html" : "Oncology Encounter Kenya",
      "StructureDefinition-oncology-kenya-practitioner-role.html" : "Oncology Practitioner Role Kenya",
      "StructureDefinition-oncology-kenya-supplyrequest.html" : "Oncology Kenya Supply Request",
      "StructureDefinition-oncology-kenya-service-request.html" : "Oncology Service Request Kenya",
      "StructureDefinition-oncology-kenya-careplan.html" : "Oncology Care Plan Kenya",
      "StructureDefinition-oncology-kenya-questionnaireresponse.html" : "Oncology Questionnaire Response Kenya",
      "StructureDefinition-oncology-kenya-practitioner.html" : "Oncology Practitioner Kenya",
      "StructureDefinition-oncology-kenya-patient.html" : "Oncology Kenya Patient",
      "StructureDefinition-oncology-diagnostic-report-kenya.html" : "Oncology Diagnostic Report Kenya",
      "StructureDefinition-oncology-observation-kenya.html" : "Oncology Observation Kenya",
      "StructureDefinition-oncology-kenya-claim.html" : "Oncology Kenya Claim",
      "StructureDefinition-oncology-kenya-condition.html" : "Oncology Kenya Condition",
      "StructureDefinition-oncology-kenya-medicationrequest.html" : "Oncology Medication Request Kenya",
      "StructureDefinition-oncology-kenya-location.html" : "Oncology Kenya Location",
      "StructureDefinition-oncology-kenya-coverage.html" : "Oncology Kenya Coverage",
      "StructureDefinition-oncology-kenya-registry-report.html" : "Oncology Kenya Registry Report",
      "StructureDefinition-oncology-kenya-procedure.html" : "Oncology Procedure Kenya"
    },
    {
      "url" : "http://hl7.org/fhir/ValueSet/link-type",
      "version" : "4.0.1",
      "status" : "active",
      "name" : "LinkType",
      "title" : "LinkType",
      "description" : "The type of link between this patient resource and another patient resource.",
      "systems" : ["http://hl7.org/fhir/link-type"],
      "oids" : ["2.16.840.1.113883.4.642.3.423"],
      "sources" : ["2.16.840.1.113883.4.642.3.423"],
      "uses" : {
      },
      "StructureDefinition-oncology-kenya-patient.html" : "Oncology Kenya Patient"
    },
    {
      "url" : "http://hl7.org/fhir/ValueSet/location-mode",
      "version" : "4.0.1",
      "status" : "draft",
      "name" : "LocationMode",
      "title" : "LocationMode",
      "description" : "Indicates whether a resource instance represents a specific location or a class of locations.",
      "systems" : ["http://hl7.org/fhir/location-mode"],
      "oids" : ["2.16.840.1.113883.4.642.3.330"],
      "sources" : ["2.16.840.1.113883.4.642.3.330"],
      "uses" : {
      },
      "StructureDefinition-oncology-kenya-location.html" : "Oncology Kenya Location"
    },
    {
      "url" : "http://hl7.org/fhir/ValueSet/location-physical-type",
      "version" : "4.0.1",
      "status" : "draft",
      "name" : "LocationType",
      "title" : "Location type",
      "description" : "This example value set defines a set of codes that can be used to indicate the physical form of the Location.",
      "systems" : [
        "http://terminology.hl7.org/CodeSystem/location-physical-type"
      ],
      "oids" : ["2.16.840.1.113883.4.642.3.328"],
      "sources" : ["2.16.840.1.113883.4.642.3.328"],
      "uses" : {
      },
      "StructureDefinition-oncology-kenya-encounter.html" : "Oncology Encounter Kenya",
      "StructureDefinition-oncology-kenya-location.html" : "Oncology Kenya Location"
    },
    {
      "url" : "http://hl7.org/fhir/ValueSet/location-status",
      "version" : "4.0.1",
      "status" : "draft",
      "name" : "LocationStatus",
      "title" : "LocationStatus",
      "description" : "Indicates whether the location is still in use.",
      "systems" : ["http://hl7.org/fhir/location-status"],
      "oids" : ["2.16.840.1.113883.4.642.3.332"],
      "sources" : ["2.16.840.1.113883.4.642.3.332"],
      "uses" : {
      },
      "StructureDefinition-oncology-kenya-location.html" : "Oncology Kenya Location"
    },
    {
      "url" : "http://hl7.org/fhir/ValueSet/manifestation-or-symptom",
      "version" : "4.0.1",
      "status" : "draft",
      "name" : "ManifestationAndSymptomCodes",
      "title" : "Manifestation and Symptom Codes",
      "description" : "Example value set for Manifestation and Symptom codes.",
      "systems" : ["http://snomed.info/sct"],
      "oids" : ["2.16.840.1.113883.4.642.3.169"],
      "sources" : ["2.16.840.1.113883.4.642.3.169"],
      "uses" : {
      },
      "StructureDefinition-oncology-kenya-condition.html" : "Oncology Kenya Condition"
    },
    {
      "url" : "http://hl7.org/fhir/ValueSet/medication-as-needed-reason",
      "version" : "4.0.1",
      "status" : "draft",
      "name" : "SNOMEDCTMedicationAsNeededReasonCodes",
      "title" : "SNOMED CT Medication As Needed Reason Codes",
      "description" : "This value set includes all clinical findings from SNOMED CT - provided as an exemplar value set.",
      "systems" : ["http://snomed.info/sct"],
      "oids" : ["2.16.840.1.113883.4.642.3.96"],
      "sources" : ["2.16.840.1.113883.4.642.3.96"],
      "uses" : {
      },
      "StructureDefinition-oncology-kenya-service-request.html" : "Oncology Service Request Kenya"
    },
    {
      "url" : "http://hl7.org/fhir/ValueSet/medication-codes",
      "version" : "4.0.1",
      "status" : "draft",
      "name" : "SNOMEDCTMedicationCodes",
      "title" : "SNOMED CT Medication Codes",
      "description" : "This value set includes all drug or medicament substance codes and all pharmaceutical/biologic products from SNOMED CT - provided as an exemplar value set.",
      "systems" : ["http://snomed.info/sct"],
      "oids" : ["2.16.840.1.113883.4.642.3.375"],
      "sources" : ["2.16.840.1.113883.4.642.3.375"],
      "uses" : {
      },
      "StructureDefinition-oncology-kenya-careplan.html" : "Oncology Care Plan Kenya"
    },
    {
      "url" : "http://hl7.org/fhir/ValueSet/medicationrequest-course-of-therapy",
      "version" : "4.0.1",
      "status" : "draft",
      "name" : "medicationRequest Course of Therapy Codes",
      "title" : "Medication request  course of  therapy  codes",
      "description" : "MedicationRequest Course of Therapy Codes",
      "systems" : [
        "http://terminology.hl7.org/CodeSystem/medicationrequest-course-of-therapy"
      ],
      "oids" : ["2.16.840.1.113883.4.642.3.1326"],
      "sources" : ["2.16.840.1.113883.4.642.3.1326"],
      "uses" : {
      },
      "StructureDefinition-oncology-kenya-medicationrequest.html" : "Oncology Medication Request Kenya"
    },
    {
      "url" : "http://hl7.org/fhir/ValueSet/medicationrequest-intent",
      "version" : "4.0.1",
      "status" : "draft",
      "name" : "medicationRequest Intent",
      "title" : "Medication request  intent",
      "description" : "MedicationRequest Intent Codes",
      "systems" : ["http://hl7.org/fhir/CodeSystem/medicationrequest-intent"],
      "oids" : ["2.16.840.1.113883.4.642.3.1321"],
      "sources" : ["2.16.840.1.113883.4.642.3.1321"],
      "uses" : {
      },
      "StructureDefinition-oncology-kenya-medicationrequest.html" : "Oncology Medication Request Kenya"
    },
    {
      "url" : "http://hl7.org/fhir/ValueSet/medicationrequest-status",
      "version" : "4.0.1",
      "status" : "draft",
      "name" : "medicationrequest Status",
      "title" : "Medicationrequest  status",
      "description" : "MedicationRequest Status Codes",
      "systems" : ["http://hl7.org/fhir/CodeSystem/medicationrequest-status"],
      "oids" : ["2.16.840.1.113883.4.642.3.1320"],
      "sources" : ["2.16.840.1.113883.4.642.3.1320"],
      "uses" : {
      },
      "StructureDefinition-oncology-kenya-medicationrequest.html" : "Oncology Medication Request Kenya"
    },
    {
      "url" : "http://hl7.org/fhir/ValueSet/medicationrequest-status-reason",
      "version" : "4.0.1",
      "status" : "draft",
      "name" : "medicationRequest Status Reason Codes",
      "title" : "Medication request  status  reason  codes",
      "description" : "MedicationRequest Status Reason Codes",
      "systems" : [
        "http://terminology.hl7.org/CodeSystem/medicationrequest-status-reason"
      ],
      "oids" : ["2.16.840.1.113883.4.642.3.1324"],
      "sources" : ["2.16.840.1.113883.4.642.3.1324"],
      "uses" : {
      },
      "StructureDefinition-oncology-kenya-medicationrequest.html" : "Oncology Medication Request Kenya"
    },
    {
      "url" : "http://hl7.org/fhir/ValueSet/mimetypes",
      "version" : "4.0.1",
      "status" : "active",
      "name" : "Mime Types",
      "title" : "MimeType",
      "description" : "This value set includes all possible codes from BCP-13 (http://tools.ietf.org/html/bcp13)",
      "systems" : ["urn:ietf:bcp:13"],
      "oids" : ["2.16.840.1.113883.4.642.3.1024"],
      "sources" : ["2.16.840.1.113883.4.642.3.1024"],
      "uses" : {
      },
      "StructureDefinition-oncology-kenya-registry-report.html" : "Oncology Kenya Registry Report"
    },
    {
      "url" : "http://hl7.org/fhir/ValueSet/missing-tooth-reason",
      "version" : "4.0.1",
      "status" : "draft",
      "name" : "MissingToothReasonCodes",
      "title" : "Missing Tooth Reason Codes",
      "description" : "This value set includes sample Missing Tooth Reason codes.",
      "systems" : ["http://terminology.hl7.org/CodeSystem/missingtoothreason"],
      "oids" : ["2.16.840.1.113883.4.642.3.534"],
      "sources" : ["2.16.840.1.113883.4.642.3.534"],
      "uses" : {
      },
      "StructureDefinition-oncology-kenya-claim.html" : "Oncology Kenya Claim"
    },
    {
      "url" : "http://hl7.org/fhir/ValueSet/name-use",
      "version" : "4.0.1",
      "status" : "active",
      "name" : "NameUse",
      "title" : "NameUse",
      "description" : "The use of a human name.",
      "systems" : ["http://hl7.org/fhir/name-use"],
      "oids" : ["2.16.840.1.113883.4.642.3.65"],
      "sources" : ["2.16.840.1.113883.4.642.3.65"],
      "uses" : {
      },
      "StructureDefinition-oncology-kenya-practitioner.html" : "Oncology Practitioner Kenya",
      "StructureDefinition-oncology-kenya-patient.html" : "Oncology Kenya Patient"
    },
    {
      "url" : "http://hl7.org/fhir/ValueSet/observation-category",
      "version" : "4.0.1",
      "status" : "draft",
      "name" : "ObservationCategoryCodes",
      "title" : "Observation Category Codes",
      "description" : "Observation Category codes.",
      "systems" : ["http://terminology.hl7.org/CodeSystem/observation-category"],
      "oids" : ["2.16.840.1.113883.4.642.3.403"],
      "sources" : ["2.16.840.1.113883.4.642.3.403"],
      "uses" : {
      },
      "StructureDefinition-oncology-observation-kenya.html" : "Oncology Observation Kenya"
    },
    {
      "url" : "http://hl7.org/fhir/ValueSet/observation-interpretation",
      "version" : "4.0.1",
      "status" : "active",
      "name" : "ObservationInterpretationCodes",
      "title" : "Observation Interpretation Codes",
      "description" : "A categorical assessment, providing a rough qualitative interpretation of the observation value,    such as “normal”/ “abnormal”,”low” / “high”, “better” / “worse”, “susceptible” / “resistant”, “expected”/ “not expected”.    The value set is intended to be for ANY use where coded representation of an interpretation is needed.   \r\n   \r\n   Notes:\r\n   \r\n   This is being communicated in v2.x in OBX-8 (Observation Interpretation), in v3 in ObservationInterpretation (CWE) in R1 (Representative Realm) and in FHIR in    Observation.interpretation. Historically these values come from the laboratory domain, and these codes are extensively    used. The value set binding is extensible, so codes outside the value set that are needed for interpretation concepts    (i.e. particular meanings) that are not included in the value set can be used, and these new codes may also be added to    the value set and published in a future version.",
      "systems" : [
        "http://terminology.hl7.org/CodeSystem/v3-ObservationInterpretation"
      ],
      "oids" : ["2.16.840.1.113883.4.642.3.399"],
      "sources" : ["2.16.840.1.113883.4.642.3.399"],
      "uses" : {
      },
      "StructureDefinition-oncology-observation-kenya.html" : "Oncology Observation Kenya"
    },
    {
      "url" : "http://hl7.org/fhir/ValueSet/observation-status",
      "version" : "4.0.1",
      "status" : "active",
      "name" : "ObservationStatus",
      "title" : "ObservationStatus",
      "description" : "Codes providing the status of an observation.",
      "systems" : ["http://hl7.org/fhir/observation-status"],
      "oids" : ["2.16.840.1.113883.4.642.3.400"],
      "sources" : ["2.16.840.1.113883.4.642.3.400"],
      "uses" : {
      },
      "StructureDefinition-oncology-observation-kenya.html" : "Oncology Observation Kenya"
    },
    {
      "url" : "http://hl7.org/fhir/ValueSet/participant-role",
      "version" : "4.0.1",
      "status" : "draft",
      "name" : "ParticipantRoles",
      "title" : "Participant Roles",
      "description" : "Roles of participants that may be included in a care team.  Defined as: Is a Person, Healthcare professional (occupation) or Healthcare related organization (qualifier value).",
      "systems" : ["http://snomed.info/sct"],
      "oids" : ["2.16.840.1.113883.4.642.3.152"],
      "sources" : ["2.16.840.1.113883.4.642.3.152"],
      "uses" : {
      },
      "StructureDefinition-oncology-kenya-service-request.html" : "Oncology Service Request Kenya"
    },
    {
      "url" : "http://hl7.org/fhir/ValueSet/payeetype",
      "version" : "4.0.1",
      "status" : "draft",
      "name" : "Claim Payee Type Codes",
      "title" : "PayeeType",
      "description" : "This value set includes sample Payee Type codes.",
      "systems" : ["http://terminology.hl7.org/CodeSystem/payeetype"],
      "oids" : ["2.16.840.1.113883.4.642.3.31"],
      "sources" : ["2.16.840.1.113883.4.642.3.31"],
      "uses" : {
      },
      "StructureDefinition-oncology-kenya-claim.html" : "Oncology Kenya Claim"
    },
    {
      "url" : "http://hl7.org/fhir/ValueSet/performer-role",
      "version" : "4.0.1",
      "status" : "draft",
      "name" : "ProcedurePerformerRoleCodes",
      "title" : "Procedure Performer Role Codes",
      "description" : "This example value set defines the set of codes that can be used to indicate a role of a procedure performer.",
      "systems" : ["http://snomed.info/sct"],
      "oids" : ["2.16.840.1.113883.4.642.3.433"],
      "sources" : ["2.16.840.1.113883.4.642.3.433"],
      "uses" : {
      },
      "StructureDefinition-oncology-kenya-medicationrequest.html" : "Oncology Medication Request Kenya",
      "StructureDefinition-oncology-kenya-procedure.html" : "Oncology Procedure Kenya"
    },
    {
      "url" : "http://hl7.org/fhir/ValueSet/procedure-followup",
      "version" : "4.0.1",
      "status" : "draft",
      "name" : "ProcedureFollowUpCodes(SNOMEDCT)",
      "title" : "Procedure Follow up Codes (SNOMED CT)",
      "description" : "Procedure follow up codes: A selection of SNOMED CT codes relevant to procedure follow up.",
      "systems" : ["http://snomed.info/sct"],
      "oids" : ["2.16.840.1.113883.4.642.3.429"],
      "sources" : ["2.16.840.1.113883.4.642.3.429"],
      "uses" : {
      },
      "StructureDefinition-oncology-kenya-procedure.html" : "Oncology Procedure Kenya"
    },
    {
      "url" : "http://hl7.org/fhir/ValueSet/procedure-not-performed-reason",
      "version" : "4.0.1",
      "status" : "active",
      "name" : "ProcedureNotPerformedReason(SNOMED-CT)",
      "title" : "Procedure Not Performed Reason (SNOMED-CT)",
      "description" : "Situation codes describing the reason that a procedure, which might otherwise be expected, was not performed, or a procedure that was started and was not completed. Consists of SNOMED CT codes, children of procedure contraindicated (183932001), procedure discontinued (416406003), procedure not done (416237000), procedure not indicated (428119001), procedure not offered (416064006), procedure not wanted (416432009), procedure refused (183944003), and procedure stopped (394908001).",
      "systems" : ["http://snomed.info/sct"],
      "oids" : ["2.16.840.1.113883.4.642.3.431"],
      "sources" : ["2.16.840.1.113883.4.642.3.431"],
      "uses" : {
      },
      "StructureDefinition-oncology-kenya-procedure.html" : "Oncology Procedure Kenya"
    },
    {
      "url" : "http://hl7.org/fhir/ValueSet/process-priority",
      "version" : "4.0.1",
      "status" : "draft",
      "name" : "ProcessPriorityCodes",
      "title" : "Process Priority Codes",
      "description" : "This value set includes the financial processing priority codes.",
      "systems" : ["http://terminology.hl7.org/CodeSystem/processpriority"],
      "oids" : ["2.16.840.1.113883.4.642.3.552"],
      "sources" : ["2.16.840.1.113883.4.642.3.552"],
      "uses" : {
      },
      "StructureDefinition-oncology-kenya-claim.html" : "Oncology Kenya Claim"
    },
    {
      "url" : "http://hl7.org/fhir/ValueSet/provider-qualification",
      "version" : "4.0.1",
      "status" : "draft",
      "name" : "ExampleProviderQualificationCodes",
      "title" : "Example Provider Qualification Codes",
      "description" : "This value set includes sample Provider Qualification codes.",
      "systems" : [
        "http://terminology.hl7.org/CodeSystem/ex-providerqualification"
      ],
      "oids" : ["2.16.840.1.113883.4.642.3.570"],
      "sources" : ["2.16.840.1.113883.4.642.3.570"],
      "uses" : {
      },
      "StructureDefinition-oncology-kenya-claim.html" : "Oncology Kenya Claim"
    },
    {
      "url" : "http://hl7.org/fhir/ValueSet/questionnaire-answers",
      "version" : "4.0.1",
      "status" : "draft",
      "name" : "QuestionnaireAnswerCodes",
      "title" : "Questionnaire Answer Codes",
      "description" : "Example list of codes for answers to questions. (Not complete or necessarily appropriate.)",
      "systems" : ["http://snomed.info/sct"],
      "oids" : ["2.16.840.1.113883.4.642.3.446"],
      "sources" : ["2.16.840.1.113883.4.642.3.446"],
      "uses" : {
      },
      "StructureDefinition-oncology-kenya-questionnaireresponse.html" : "Oncology Questionnaire Response Kenya"
    },
    {
      "url" : "http://hl7.org/fhir/ValueSet/questionnaire-answers-status",
      "version" : "4.0.1",
      "status" : "draft",
      "name" : "QuestionnaireResponseStatus",
      "title" : "QuestionnaireResponseStatus",
      "description" : "Lifecycle status of the questionnaire response.",
      "systems" : ["http://hl7.org/fhir/questionnaire-answers-status"],
      "oids" : ["required"],
      "sources" : ["required"],
      "uses" : {
      },
      "StructureDefinition-oncology-kenya-questionnaireresponse.html" : "Oncology Questionnaire Response Kenya"
    },
    {
      "url" : "http://hl7.org/fhir/ValueSet/referencerange-appliesto",
      "version" : "4.0.1",
      "status" : "draft",
      "name" : "ObservationReferenceRangeAppliesToCodes",
      "title" : "Observation Reference Range Applies To Codes",
      "description" : "This value set defines a set of codes that can be used to indicate the particular target population the reference range applies to.",
      "systems" : [
        "http://terminology.hl7.org/CodeSystem/v3-Race",
        "http://snomed.info/sct"
      ],
      "oids" : ["2.16.840.1.113883.4.642.3.407"],
      "sources" : ["2.16.840.1.113883.4.642.3.407"],
      "uses" : {
      },
      "StructureDefinition-oncology-observation-kenya.html" : "Oncology Observation Kenya"
    },
    {
      "url" : "http://hl7.org/fhir/ValueSet/referencerange-meaning",
      "version" : "4.0.1",
      "status" : "draft",
      "name" : "ObservationReferenceRangeMeaningCodes",
      "title" : "Observation Reference Range Meaning Codes",
      "description" : "This value set defines a set of codes that can be used to indicate the meaning/use of a reference range for a particular target population.",
      "systems" : [
        "http://terminology.hl7.org/CodeSystem/referencerange-meaning"
      ],
      "oids" : ["2.16.840.1.113883.4.642.3.397"],
      "sources" : ["2.16.840.1.113883.4.642.3.397"],
      "uses" : {
      },
      "StructureDefinition-oncology-observation-kenya.html" : "Oncology Observation Kenya"
    },
    {
      "url" : "http://hl7.org/fhir/ValueSet/related-claim-relationship",
      "version" : "4.0.1",
      "status" : "draft",
      "name" : "ExampleRelatedClaimRelationshipCodes",
      "title" : "Example Related Claim Relationship Codes",
      "description" : "This value set includes sample Related Claim Relationship codes.",
      "systems" : [
        "http://terminology.hl7.org/CodeSystem/ex-relatedclaimrelationship"
      ],
      "oids" : ["2.16.840.1.113883.4.642.3.568"],
      "sources" : ["2.16.840.1.113883.4.642.3.568"],
      "uses" : {
      },
      "StructureDefinition-oncology-kenya-claim.html" : "Oncology Kenya Claim"
    },
    {
      "url" : "http://hl7.org/fhir/ValueSet/report-codes",
      "version" : "4.0.1",
      "status" : "draft",
      "name" : "LOINCDiagnosticReportCodes",
      "title" : "LOINC Diagnostic Report Codes",
      "description" : "This value set includes LOINC codes that relate to Diagnostic Observations.",
      "systems" : ["http://loinc.org"],
      "oids" : ["2.16.840.1.113883.4.642.3.233"],
      "sources" : ["2.16.840.1.113883.4.642.3.233"],
      "uses" : {
      },
      "StructureDefinition-oncology-kenya-diagnosticreport.html" : "Oncology Kenya Diagnostic Report"
    },
    {
      "url" : "http://hl7.org/fhir/ValueSet/request-intent",
      "version" : "4.0.1",
      "status" : "draft",
      "name" : "RequestIntent",
      "title" : "RequestIntent",
      "description" : "Codes indicating the degree of authority/intentionality associated with a request.",
      "systems" : ["http://hl7.org/fhir/request-intent"],
      "oids" : ["2.16.840.1.113883.4.642.3.113"],
      "sources" : ["2.16.840.1.113883.4.642.3.113"],
      "uses" : {
      },
      "StructureDefinition-oncology-kenya-service-request.html" : "Oncology Service Request Kenya"
    },
    {
      "url" : "http://hl7.org/fhir/ValueSet/request-priority",
      "version" : "4.0.1",
      "status" : "draft",
      "name" : "RequestPriority",
      "title" : "Request priority",
      "description" : "The clinical priority of a diagnostic order.",
      "systems" : ["http://hl7.org/fhir/request-priority"],
      "oids" : ["2.16.840.1.113883.4.642.3.115"],
      "sources" : ["2.16.840.1.113883.4.642.3.115"],
      "uses" : {
      },
      "StructureDefinition-oncology-kenya-medicationrequest.html" : "Oncology Medication Request Kenya",
      "StructureDefinition-oncology-kenya-supplyrequest.html" : "Oncology Kenya Supply Request",
      "StructureDefinition-oncology-kenya-service-request.html" : "Oncology Service Request Kenya"
    },
    {
      "url" : "http://hl7.org/fhir/ValueSet/request-status",
      "version" : "4.0.1",
      "status" : "draft",
      "name" : "RequestStatus",
      "title" : "RequestStatus",
      "description" : "Codes identifying the lifecycle stage of a request.",
      "systems" : ["http://hl7.org/fhir/request-status"],
      "oids" : ["2.16.840.1.113883.4.642.3.111"],
      "sources" : ["2.16.840.1.113883.4.642.3.111"],
      "uses" : {
      },
      "StructureDefinition-oncology-kenya-service-request.html" : "Oncology Service Request Kenya",
      "StructureDefinition-oncology-kenya-careplan.html" : "Oncology Care Plan Kenya"
    },
    {
      "url" : "http://hl7.org/fhir/ValueSet/security-labels",
      "version" : "4.0.1",
      "status" : "active",
      "name" : "All Security Labels",
      "title" : "SecurityLabels",
      "description" : "A single value set for all security labels defined by FHIR.",
      "systems" : [
        "http://terminology.hl7.org/CodeSystem/v3-ActReason",
        "http://terminology.hl7.org/CodeSystem/v3-ActUSPrivacyLaw",
        "http://terminology.hl7.org/CodeSystem/v3-ObservationValue",
        "http://terminology.hl7.org/CodeSystem/v3-ActCode",
        "http://terminology.hl7.org/CodeSystem/v3-Confidentiality"
      ],
      "oids" : ["2.16.840.1.113883.4.642.3.47"],
      "sources" : ["2.16.840.1.113883.4.642.3.47"],
      "uses" : {
      },
      "StructureDefinition-oncology-kenya-registry-report.html" : "Oncology Kenya Registry Report"
    },
    {
      "url" : "http://hl7.org/fhir/ValueSet/service-place",
      "version" : "4.0.1",
      "status" : "draft",
      "name" : "ExampleServicePlaceCodes",
      "title" : "Example Service Place Codes",
      "description" : "This value set includes a smattering of Service Place codes.",
      "systems" : ["http://terminology.hl7.org/CodeSystem/ex-serviceplace"],
      "oids" : ["2.16.840.1.113883.4.642.3.564"],
      "sources" : ["2.16.840.1.113883.4.642.3.564"],
      "uses" : {
      },
      "StructureDefinition-oncology-kenya-claim.html" : "Oncology Kenya Claim"
    },
    {
      "url" : "http://hl7.org/fhir/ValueSet/service-type",
      "version" : "4.0.1",
      "status" : "draft",
      "name" : "ServiceType",
      "title" : "Service type",
      "description" : "This value set defines an example set of codes of service-types.",
      "systems" : ["http://terminology.hl7.org/CodeSystem/service-type"],
      "oids" : ["2.16.840.1.113883.4.642.3.518"],
      "sources" : ["2.16.840.1.113883.4.642.3.518"],
      "uses" : {
      },
      "StructureDefinition-oncology-kenya-encounter.html" : "Oncology Encounter Kenya"
    },
    {
      "url" : "http://hl7.org/fhir/ValueSet/service-uscls",
      "version" : "4.0.1",
      "status" : "draft",
      "name" : "USCLSCodes",
      "title" : "USCLS Codes",
      "description" : "This value set includes a smattering of USCLS codes.",
      "systems" : ["http://terminology.hl7.org/CodeSystem/ex-USCLS"],
      "oids" : ["2.16.840.1.113883.4.642.3.542"],
      "sources" : ["2.16.840.1.113883.4.642.3.542"],
      "uses" : {
      },
      "StructureDefinition-oncology-kenya-claim.html" : "Oncology Kenya Claim"
    },
    {
      "url" : "http://hl7.org/fhir/ValueSet/servicerequest-category",
      "version" : "4.0.1",
      "status" : "draft",
      "name" : "ServiceRequestCategoryCodes",
      "title" : "Service Request Category Codes",
      "description" : "An example value set of SNOMED CT concepts that can classify a requested service",
      "systems" : ["http://snomed.info/sct"],
      "oids" : ["2.16.840.1.113883.4.642.3.434"],
      "sources" : ["2.16.840.1.113883.4.642.3.434"],
      "uses" : {
      },
      "StructureDefinition-oncology-kenya-service-request.html" : "Oncology Service Request Kenya"
    },
    {
      "url" : "http://hl7.org/fhir/ValueSet/servicerequest-orderdetail",
      "version" : "4.0.1",
      "status" : "draft",
      "name" : "ServiceRequestOrderDetailsCodes",
      "title" : "Service Request Order Details Codes",
      "description" : "An example value set of Codified order entry details concepts.  These concepts only make sense in the context of what is being ordered.  This example is for a patient ventilation order",
      "systems" : ["http://snomed.info/sct"],
      "oids" : ["2.16.840.1.113883.4.642.3.435"],
      "sources" : ["2.16.840.1.113883.4.642.3.435"],
      "uses" : {
      },
      "StructureDefinition-oncology-kenya-service-request.html" : "Oncology Service Request Kenya"
    },
    {
      "url" : "http://hl7.org/fhir/ValueSet/subscriber-relationship",
      "version" : "4.0.1",
      "status" : "draft",
      "name" : "SubscriberRelationshipCodes",
      "title" : "SubscriberPolicyholder Relationship Codes",
      "description" : "This value set includes codes for the relationship between the Subscriber and the Beneficiary (insured/covered party/patient).",
      "systems" : [
        "http://terminology.hl7.org/CodeSystem/subscriber-relationship"
      ],
      "oids" : ["2.16.840.1.113883.4.642.3.1385"],
      "sources" : ["2.16.840.1.113883.4.642.3.1385"],
      "uses" : {
      },
      "StructureDefinition-oncology-kenya-coverage.html" : "Oncology Kenya Coverage"
    },
    {
      "url" : "http://hl7.org/fhir/ValueSet/supply-item",
      "version" : "4.0.1",
      "status" : "draft",
      "name" : "SNOMEDCTSupplyItem",
      "title" : "SNOMED CT Supply Item",
      "description" : "This value set includes [SNOMED CT](http://snomed.info/sct) where concept is-a 105590001 (Substance (substance)) or  concept is-a 260787004 (Physical object)  and provided as an example value set.",
      "systems" : ["http://snomed.info/sct"],
      "oids" : ["2.16.840.1.113883.4.642.3.699"],
      "sources" : ["2.16.840.1.113883.4.642.3.699"],
      "uses" : {
      },
      "StructureDefinition-oncology-kenya-supplyrequest.html" : "Oncology Kenya Supply Request"
    },
    {
      "url" : "http://hl7.org/fhir/ValueSet/supplyrequest-kind",
      "version" : "4.0.1",
      "status" : "draft",
      "name" : "SupplyType",
      "title" : "Supply Type",
      "description" : "This value sets refers to a Category of supply.",
      "systems" : ["http://terminology.hl7.org/CodeSystem/supply-kind"],
      "oids" : ["2.16.840.1.113883.4.642.3.693"],
      "sources" : ["2.16.840.1.113883.4.642.3.693"],
      "uses" : {
      },
      "StructureDefinition-oncology-kenya-supplyrequest.html" : "Oncology Kenya Supply Request"
    },
    {
      "url" : "http://hl7.org/fhir/ValueSet/supplyrequest-reason",
      "version" : "4.0.1",
      "status" : "draft",
      "name" : "SupplyRequestReason",
      "title" : "SupplyRequestReason",
      "description" : "The reason why the supply item was requested.",
      "systems" : ["http://terminology.hl7.org/CodeSystem/supplyrequest-reason"],
      "oids" : ["2.16.840.1.113883.4.642.3.697"],
      "sources" : ["2.16.840.1.113883.4.642.3.697"],
      "uses" : {
      },
      "StructureDefinition-oncology-kenya-supplyrequest.html" : "Oncology Kenya Supply Request"
    },
    {
      "url" : "http://hl7.org/fhir/ValueSet/supplyrequest-status",
      "version" : "4.0.1",
      "status" : "draft",
      "name" : "SupplyRequestStatus",
      "title" : "SupplyRequestStatus",
      "description" : "Status of the supply request.",
      "systems" : ["http://hl7.org/fhir/supplyrequest-status"],
      "oids" : ["2.16.840.1.113883.4.642.3.695"],
      "sources" : ["2.16.840.1.113883.4.642.3.695"],
      "uses" : {
      },
      "StructureDefinition-oncology-kenya-supplyrequest.html" : "Oncology Kenya Supply Request"
    },
    {
      "url" : "http://hl7.org/fhir/ValueSet/surface",
      "version" : "4.0.1",
      "status" : "draft",
      "name" : "SurfaceCodes",
      "title" : "Surface Codes",
      "description" : "This value set includes a smattering of FDI tooth surface codes.",
      "systems" : ["http://terminology.hl7.org/CodeSystem/FDI-surface"],
      "oids" : ["2.16.840.1.113883.4.642.3.546"],
      "sources" : ["2.16.840.1.113883.4.642.3.546"],
      "uses" : {
      },
      "StructureDefinition-oncology-kenya-claim.html" : "Oncology Kenya Claim"
    },
    {
      "url" : "http://hl7.org/fhir/ValueSet/tooth",
      "version" : "4.0.1",
      "status" : "draft",
      "name" : "OralSiteCodes",
      "title" : "Oral Site Codes",
      "description" : "This value set includes a smattering of FDI oral site codes.",
      "systems" : ["http://terminology.hl7.org/CodeSystem/ex-tooth"],
      "oids" : ["2.16.840.1.113883.4.642.3.540"],
      "sources" : ["2.16.840.1.113883.4.642.3.540"],
      "uses" : {
      },
      "StructureDefinition-oncology-kenya-claim.html" : "Oncology Kenya Claim"
    },
    {
      "url" : "http://terminology.hl7.org/ValueSet/v2-0092",
      "version" : "2.0.0",
      "status" : "active",
      "name" : "Hl7VSReAdmissionIndicator",
      "title" : "hl7VS-re-admissionIndicator",
      "description" : "Value Set of codes which are used to specify that a patient is being re-admitted to a healthcare facility from which they were discharged, and indicates the circumstances around such re-admission.",
      "systems" : ["http://terminology.hl7.org/CodeSystem/v2-0092"],
      "oids" : ["2.16.840.1.113883.21.40"],
      "sources" : ["2.16.840.1.113883.21.40"],
      "uses" : {
      },
      "StructureDefinition-oncology-kenya-encounter.html" : "Oncology Encounter Kenya"
    },
    {
      "url" : "http://terminology.hl7.org/ValueSet/v2-0116",
      "version" : "2.0.0",
      "status" : "active",
      "name" : "Hl7VSBedStatus",
      "title" : "hl7VS-bedStatus",
      "description" : "Value Set of codes that specify the state of a bed in an inpatient setting, and is used to determine if a patient may be assigned to it or not.",
      "systems" : ["http://terminology.hl7.org/CodeSystem/v2-0116"],
      "oids" : ["2.16.840.1.113883.21.51"],
      "sources" : ["2.16.840.1.113883.21.51"],
      "uses" : {
      },
      "StructureDefinition-oncology-kenya-location.html" : "Oncology Kenya Location"
    },
    {
      "url" : "http://terminology.hl7.org/ValueSet/v3-ActCode",
      "version" : "3.0.0",
      "status" : "active",
      "name" : "ActCode",
      "title" : "v3 Code System ActCode",
      "description" : "A code specifying the particular kind of Act that the Act-instance represents within its class.  Constraints:\r\nThe kind of Act (e.g. physical examination, serum potassium, inpatient encounter, charge financial transaction, etc.) is specified with a code from one of several, typically external, coding systems.  The coding system will depend on the class of Act, such as LOINC for observations, etc. Conceptually, the Act.code must be a specialization of the Act.classCode. This is why the structure of ActClass domain should be reflected in the superstructure of the ActCode domain and then individual codes or externally referenced vocabularies subordinated under these domains that reflect the ActClass structure. Act.classCode and Act.code are not modifiers of each other but the Act.code concept should really imply the Act.classCode concept. For a negative example, it is not appropriate to use an Act.code \"potassium\" together with and Act.classCode for \"laboratory observation\" to somehow mean \"potassium laboratory observation\" and then use the same Act.code for \"potassium\" together with Act.classCode for \"medication\" to mean \"substitution of potassium\". This mutually modifying use of Act.code and Act.classCode is not permitted.",
      "systems" : ["http://terminology.hl7.org/CodeSystem/v3-ActCode"],
      "uses" : {
      },
      "StructureDefinition-oncology-kenya-registry-report.html" : "Oncology Kenya Registry Report"
    },
    {
      "url" : "http://terminology.hl7.org/ValueSet/v3-ActEncounterCode",
      "version" : "3.0.0",
      "status" : "active",
      "name" : "ActEncounterCode",
      "title" : "ActEncounterCode",
      "description" : "Domain provides codes that qualify the ActEncounterClass (ENC)",
      "systems" : ["http://terminology.hl7.org/CodeSystem/v3-ActCode"],
      "oids" : ["2.16.840.1.113883.1.11.13955"],
      "sources" : ["2.16.840.1.113883.1.11.13955"],
      "uses" : {
      },
      "StructureDefinition-oncology-kenya-encounter.html" : "Oncology Encounter Kenya"
    },
    {
      "url" : "http://terminology.hl7.org/ValueSet/v3-ActIncidentCode",
      "version" : "3.0.0",
      "status" : "active",
      "name" : "ActIncidentCode",
      "title" : "ActIncidentCode",
      "description" : "Set of codes indicating the type of incident or accident.",
      "systems" : ["http://terminology.hl7.org/CodeSystem/v3-ActCode"],
      "oids" : ["2.16.840.1.113883.1.11.16508"],
      "sources" : ["2.16.840.1.113883.1.11.16508"],
      "uses" : {
      },
      "StructureDefinition-oncology-kenya-claim.html" : "Oncology Kenya Claim"
    },
    {
      "url" : "http://terminology.hl7.org/ValueSet/v3-ActPriority",
      "version" : "3.0.0",
      "status" : "active",
      "name" : "ActPriority",
      "title" : "ActPriority",
      "description" : "A code or set of codes (e.g., for routine, emergency,) specifying the urgency under which the Act happened, can happen, is happening, is intended to happen, or is requested/demanded to happen.\r\n\r\n*Discussion:* This attribute is used in orders to indicate the ordered priority, and in event documentation it indicates the actual priority used to perform the act. In definition mood it indicates the available priorities.",
      "systems" : ["http://terminology.hl7.org/CodeSystem/v3-ActPriority"],
      "oids" : ["2.16.840.1.113883.1.11.16866"],
      "sources" : ["2.16.840.1.113883.1.11.16866"],
      "uses" : {
      },
      "StructureDefinition-oncology-kenya-encounter.html" : "Oncology Encounter Kenya"
    },
    {
      "url" : "http://terminology.hl7.org/ValueSet/v3-ActSubstanceAdminSubstitutionCode",
      "version" : "3.0.0",
      "status" : "active",
      "name" : "ActSubstanceAdminSubstitutionCode",
      "title" : "ActSubstanceAdminSubstitutionCode",
      "description" : "***No description***",
      "systems" : [
        "http://terminology.hl7.org/CodeSystem/v3-substanceAdminSubstitution"
      ],
      "oids" : ["2.16.840.1.113883.1.11.16621"],
      "sources" : ["2.16.840.1.113883.1.11.16621"],
      "uses" : {
      },
      "StructureDefinition-oncology-kenya-medicationrequest.html" : "Oncology Medication Request Kenya"
    },
    {
      "url" : "http://terminology.hl7.org/ValueSet/v3-ServiceDeliveryLocationRoleType",
      "version" : "3.0.0",
      "status" : "active",
      "name" : "ServiceDeliveryLocationRoleType",
      "title" : "ServiceDeliveryLocationRoleType",
      "description" : "A role of a place that further classifies the setting (e.g., accident site, road side, work site, community location) in which services are delivered.",
      "systems" : ["http://terminology.hl7.org/CodeSystem/v3-RoleCode"],
      "oids" : ["2.16.840.1.113883.1.11.17660"],
      "sources" : ["2.16.840.1.113883.1.11.17660"],
      "uses" : {
      },
      "StructureDefinition-oncology-kenya-location.html" : "Oncology Kenya Location",
      "StructureDefinition-oncology-kenya-service-request.html" : "Oncology Service Request Kenya"
    },
    {
      "url" : "http://terminology.hl7.org/ValueSet/v3-SubstanceAdminSubstitutionReason",
      "version" : "3.0.0",
      "status" : "active",
      "name" : "SubstanceAdminSubstitutionReason",
      "title" : "SubstanceAdminSubstitutionReason",
      "description" : "***No description***",
      "systems" : ["http://terminology.hl7.org/CodeSystem/v3-ActReason"],
      "oids" : ["2.16.840.1.113883.1.11.19377"],
      "sources" : ["2.16.840.1.113883.1.11.19377"],
      "uses" : {
      },
      "StructureDefinition-oncology-kenya-medicationrequest.html" : "Oncology Medication Request Kenya"
    }
  ]
}
