{
  "codeSystems" : [
    {
      "url" : "http://hl7.org/fhir/ValueSet/additional-instruction-codes",
      "version" : "4.0.1",
      "status" : "draft",
      "name" : "SNOMEDCTAdditionalDosageInstructions",
      "title" : "SNOMED CT Additional Dosage Instructions",
      "description" : "This value set includes all SNOMED CT Additional Dosage Instructions.",
      "systems" : ["http://snomed.info/sct"],
      "oids" : ["2.16.840.1.113883.4.642.3.95"],
      "sources" : ["2.16.840.1.113883.4.642.3.95"],
      "uses" : {
      },
      "StructureDefinition-oncology-kenya-medicationrequest.html" : "Oncology Kenya MedicationRequest"
    },
    {
      "url" : "http://hl7.org/fhir/ValueSet/administration-method-codes",
      "version" : "4.0.1",
      "status" : "draft",
      "name" : "SNOMEDCTAdministrationMethodCodes",
      "title" : "SNOMED CT Administration Method Codes",
      "description" : "This value set includes some method codes from SNOMED CT - provided as an exemplar",
      "systems" : ["http://snomed.info/sct"],
      "oids" : ["2.16.840.1.113883.4.642.3.97"],
      "sources" : ["2.16.840.1.113883.4.642.3.97"],
      "uses" : {
      },
      "StructureDefinition-oncology-kenya-medicationrequest.html" : "Oncology Kenya MedicationRequest"
    },
    {
      "url" : "http://hl7.org/fhir/ValueSet/administrative-gender",
      "version" : "4.0.1",
      "status" : "active",
      "name" : "AdministrativeGender",
      "title" : "AdministrativeGender",
      "description" : "The gender of a person used for administrative purposes.",
      "systems" : ["http://hl7.org/fhir/administrative-gender"],
      "oids" : ["2.16.840.1.113883.4.642.3.1"],
      "sources" : ["2.16.840.1.113883.4.642.3.1"],
      "uses" : {
      },
      "StructureDefinition-oncology-kenya-patient.html" : "Oncology Kenya Patient"
    },
    {
      "url" : "http://hl7.org/fhir/ValueSet/approach-site-codes",
      "version" : "4.0.1",
      "status" : "draft",
      "name" : "SNOMEDCTAnatomicalStructureForAdministrationSiteCodes",
      "title" : "SNOMED CT Anatomical Structure for Administration Site Codes",
      "description" : "This value set includes Anatomical Structure codes from SNOMED CT - provided as an exemplar.",
      "systems" : ["http://snomed.info/sct"],
      "oids" : ["2.16.840.1.113883.4.642.3.346"],
      "sources" : ["2.16.840.1.113883.4.642.3.346"],
      "uses" : {
      },
      "StructureDefinition-oncology-kenya-medicationrequest.html" : "Oncology Kenya MedicationRequest"
    },
    {
      "url" : "http://hl7.org/fhir/ValueSet/body-site",
      "version" : "4.0.1",
      "status" : "draft",
      "name" : "SNOMEDCTBodyStructures",
      "title" : "SNOMED CT Body Structures",
      "description" : "This value set includes all codes from [SNOMED CT](http://snomed.info/sct) where concept is-a 442083009 (Anatomical or acquired body site (body structure)).",
      "systems" : ["http://snomed.info/sct"],
      "oids" : ["2.16.840.1.113883.4.642.3.141"],
      "sources" : ["2.16.840.1.113883.4.642.3.141"],
      "uses" : {
      },
      "StructureDefinition-oncology-kenya-condition.html" : "oncology kenya condition",
      "StructureDefinition-oncology-kenya-observation.html" : "Oncology Kenya Observation"
    },
    {
      "url" : "http://hl7.org/fhir/ValueSet/c80-facilitycodes",
      "version" : "4.0.1",
      "status" : "active",
      "name" : "FacilityTypeCodeValueSet",
      "title" : "Facility Type Code Value Set",
      "description" : "This is the code representing the type of organizational setting where the clinical encounter, service, interaction, or treatment occurred. The value set used for Healthcare Facility Type has been defined by HITSP to be the value set reproduced from HITSP C80 Table 2-147.",
      "systems" : ["http://snomed.info/sct"],
      "oids" : ["2.16.840.1.113883.3.88.12.80.67"],
      "sources" : ["2.16.840.1.113883.3.88.12.80.67"],
      "uses" : {
      },
      "StructureDefinition-oncology-kenya-registry-report.html" : "Oncology Kenya Registry Report"
    },
    {
      "url" : "http://hl7.org/fhir/ValueSet/c80-practice-codes",
      "version" : "4.0.1",
      "status" : "active",
      "name" : "PracticeSettingCodeValueSet",
      "title" : "Practice Setting Code Value Set",
      "description" : "This is the code representing the clinical specialty of the clinician or provider who interacted with, treated, or provided a service to/for the patient. The value set used for clinical specialty has been limited by HITSP to the value set reproduced from HITSP C80 Table 2-149 Clinical Specialty Value Set Definition.",
      "systems" : ["http://snomed.info/sct"],
      "oids" : ["2.16.840.1.113883.3.88.12.80.72"],
      "sources" : ["2.16.840.1.113883.3.88.12.80.72"],
      "uses" : {
      },
      "StructureDefinition-oncology-kenya-registry-report.html" : "Oncology Kenya Registry Report"
    },
    {
      "url" : "http://hl7.org/fhir/ValueSet/composition-status",
      "version" : "4.0.1",
      "status" : "draft",
      "name" : "CompositionStatus",
      "title" : "CompositionStatus",
      "description" : "The workflow/clinical status of the composition.",
      "systems" : ["http://hl7.org/fhir/composition-status"],
      "oids" : ["2.16.840.1.113883.4.642.3.241"],
      "sources" : ["2.16.840.1.113883.4.642.3.241"],
      "uses" : {
      },
      "StructureDefinition-oncology-kenya-registry-report.html" : "Oncology Kenya Registry Report"
    },
    {
      "url" : "http://hl7.org/fhir/ValueSet/condition-clinical",
      "version" : "4.0.1",
      "status" : "draft",
      "name" : "ConditionClinicalStatusCodes",
      "title" : "Condition Clinical Status Codes",
      "description" : "Preferred value set for Condition Clinical Status.",
      "systems" : ["http://terminology.hl7.org/CodeSystem/condition-clinical"],
      "oids" : ["2.16.840.1.113883.4.642.3.164"],
      "sources" : ["2.16.840.1.113883.4.642.3.164"],
      "uses" : {
      },
      "StructureDefinition-oncology-kenya-condition.html" : "oncology kenya condition"
    },
    {
      "url" : "http://hl7.org/fhir/ValueSet/condition-code",
      "version" : "4.0.1",
      "status" : "draft",
      "name" : "Condition/Problem/DiagnosisCodes",
      "title" : "Condition/Problem/Diagnosis Codes",
      "description" : "Example value set for Condition/Problem/Diagnosis codes.",
      "systems" : ["http://snomed.info/sct"],
      "oids" : ["2.16.840.1.113883.4.642.3.161"],
      "sources" : ["2.16.840.1.113883.4.642.3.161"],
      "uses" : {
      },
      "StructureDefinition-oncology-kenya-medicationrequest.html" : "Oncology Kenya MedicationRequest"
    },
    {
      "url" : "http://hl7.org/fhir/ValueSet/condition-severity",
      "version" : "4.0.1",
      "status" : "draft",
      "name" : "Condition/DiagnosisSeverity",
      "title" : "Condition/Diagnosis Severity",
      "description" : "Preferred value set for Condition/Diagnosis severity grading.",
      "systems" : ["http://snomed.info/sct"],
      "oids" : ["2.16.840.1.113883.4.642.3.168"],
      "sources" : ["2.16.840.1.113883.4.642.3.168"],
      "uses" : {
      },
      "StructureDefinition-oncology-kenya-condition.html" : "oncology kenya condition"
    },
    {
      "url" : "http://hl7.org/fhir/ValueSet/condition-stage",
      "version" : "4.0.1",
      "status" : "draft",
      "name" : "ConditionStage",
      "title" : "Condition Stage",
      "description" : "Example value set for stages of cancer and other conditions.",
      "systems" : ["http://snomed.info/sct"],
      "oids" : ["2.16.840.1.113883.4.642.3.170"],
      "sources" : ["2.16.840.1.113883.4.642.3.170"],
      "uses" : {
      },
      "StructureDefinition-oncology-kenya-condition.html" : "oncology kenya condition"
    },
    {
      "url" : "http://hl7.org/fhir/ValueSet/condition-stage-type",
      "version" : "4.0.1",
      "status" : "draft",
      "name" : "ConditionStageType",
      "title" : "Condition Stage Type",
      "description" : "Example value set for the type of stages of cancer and other conditions",
      "systems" : ["http://snomed.info/sct"],
      "oids" : ["2.16.840.1.113883.4.642.3.171"],
      "sources" : ["2.16.840.1.113883.4.642.3.171"],
      "uses" : {
      },
      "StructureDefinition-oncology-kenya-condition.html" : "oncology kenya condition"
    },
    {
      "url" : "http://hl7.org/fhir/ValueSet/condition-ver-status",
      "version" : "4.0.1",
      "status" : "draft",
      "name" : "ConditionVerificationStatus",
      "title" : "ConditionVerificationStatus",
      "description" : "The verification status to support or decline the clinical status of the condition or diagnosis.",
      "systems" : ["http://terminology.hl7.org/CodeSystem/condition-ver-status"],
      "oids" : ["2.16.840.1.113883.4.642.3.166"],
      "sources" : ["2.16.840.1.113883.4.642.3.166"],
      "uses" : {
      },
      "StructureDefinition-oncology-kenya-condition.html" : "oncology kenya condition"
    },
    {
      "url" : "http://hl7.org/fhir/ValueSet/coverage-class",
      "version" : "4.0.1",
      "status" : "draft",
      "name" : "CoverageClassCodes",
      "title" : "Coverage Class Codes",
      "description" : "This value set includes Coverage Class codes.",
      "systems" : ["http://terminology.hl7.org/CodeSystem/coverage-class"],
      "oids" : ["2.16.840.1.113883.4.642.3.1009"],
      "sources" : ["2.16.840.1.113883.4.642.3.1009"],
      "uses" : {
      },
      "StructureDefinition-oncology-kenya-coverage.html" : "Oncology Kenya Coverage"
    },
    {
      "url" : "http://hl7.org/fhir/ValueSet/coverage-copay-type",
      "version" : "4.0.1",
      "status" : "draft",
      "name" : "CoverageCopayTypeCodes",
      "title" : "Coverage Copay Type Codes",
      "description" : "This value set includes sample Coverage Copayment Type codes.",
      "systems" : ["http://terminology.hl7.org/CodeSystem/coverage-copay-type"],
      "oids" : ["2.16.840.1.113883.4.642.3.527"],
      "sources" : ["2.16.840.1.113883.4.642.3.527"],
      "uses" : {
      },
      "StructureDefinition-oncology-kenya-coverage.html" : "Oncology Kenya Coverage"
    },
    {
      "url" : "http://hl7.org/fhir/ValueSet/coverage-financial-exception",
      "version" : "4.0.1",
      "status" : "draft",
      "name" : "ExampleCoverageFinancialExceptionCodes",
      "title" : "Example Coverage Financial Exception Codes",
      "description" : "This value set includes Example Coverage Financial Exception Codes.",
      "systems" : [
        "http://terminology.hl7.org/CodeSystem/ex-coverage-financial-exception"
      ],
      "oids" : ["2.16.840.1.113883.4.642.3.1328"],
      "sources" : ["2.16.840.1.113883.4.642.3.1328"],
      "uses" : {
      },
      "StructureDefinition-oncology-kenya-coverage.html" : "Oncology Kenya Coverage"
    },
    {
      "url" : "http://hl7.org/fhir/ValueSet/data-absent-reason",
      "version" : "4.0.1",
      "status" : "active",
      "name" : "DataAbsentReason",
      "title" : "DataAbsentReason",
      "description" : "Used to specify why the normally expected content of the data element is missing.",
      "systems" : ["http://terminology.hl7.org/CodeSystem/data-absent-reason"],
      "oids" : ["2.16.840.1.113883.4.642.3.5"],
      "sources" : ["2.16.840.1.113883.4.642.3.5"],
      "uses" : {
      },
      "StructureDefinition-oncology-kenya-observation.html" : "Oncology Kenya Observation"
    },
    {
      "url" : "http://hl7.org/fhir/ValueSet/diagnostic-report-status",
      "version" : "4.0.1",
      "status" : "draft",
      "name" : "DiagnosticReportStatus",
      "title" : "DiagnosticReportStatus",
      "description" : "The status of the diagnostic report.",
      "systems" : ["http://hl7.org/fhir/diagnostic-report-status"],
      "oids" : ["2.16.840.1.113883.4.642.3.235"],
      "sources" : ["2.16.840.1.113883.4.642.3.235"],
      "uses" : {
      },
      "StructureDefinition-oncology-kenya-diagnosticreport.html" : "Oncology Kenya Diagnostic Report"
    },
    {
      "url" : "http://hl7.org/fhir/ValueSet/diagnostic-service-sections",
      "version" : "4.0.1",
      "status" : "draft",
      "name" : "DiagnosticServiceSectionCodes",
      "title" : "Diagnostic Service Section Codes",
      "description" : "This value set includes all the codes in HL7 V2 table 0074.",
      "systems" : ["http://terminology.hl7.org/CodeSystem/v2-0074"],
      "oids" : ["2.16.840.1.113883.4.642.3.234"],
      "sources" : ["2.16.840.1.113883.4.642.3.234"],
      "uses" : {
      },
      "StructureDefinition-oncology-kenya-diagnosticreport.html" : "Oncology Kenya Diagnostic Report"
    },
    {
      "url" : "http://hl7.org/fhir/ValueSet/document-classcodes",
      "version" : "4.0.1",
      "status" : "active",
      "name" : "DocumentClassValueSet",
      "title" : "Document Class Value Set",
      "description" : "This is the code specifying the high-level kind of document (e.g. Prescription, Discharge Summary, Report, etc.). Note: Class code for documents comes from LOINC, and is based upon one of the following:The type of service described by the document. It is described at a very high level in Section 7.3 of the LOINC Manual. The type study performed. It was determined by identifying modalities for study reports. The section of the chart where the document is placed. It was determined from the SETs created for Claims Attachment requests.",
      "systems" : ["http://loinc.org"],
      "oids" : ["2.16.840.1.113883.3.88.12.80.46"],
      "sources" : ["2.16.840.1.113883.3.88.12.80.46"],
      "uses" : {
      },
      "StructureDefinition-oncology-kenya-registry-report.html" : "Oncology Kenya Registry Report"
    },
    {
      "url" : "http://hl7.org/fhir/ValueSet/document-reference-status",
      "version" : "4.0.1",
      "status" : "draft",
      "name" : "DocumentReferenceStatus",
      "title" : "DocumentReferenceStatus",
      "description" : "The status of the document reference.",
      "systems" : ["http://hl7.org/fhir/document-reference-status"],
      "oids" : ["2.16.840.1.113883.4.642.3.7"],
      "sources" : ["2.16.840.1.113883.4.642.3.7"],
      "uses" : {
      },
      "StructureDefinition-oncology-kenya-registry-report.html" : "Oncology Kenya Registry Report"
    },
    {
      "url" : "http://hl7.org/fhir/ValueSet/document-relationship-type",
      "version" : "4.0.1",
      "status" : "draft",
      "name" : "DocumentRelationshipType",
      "title" : "DocumentRelationshipType",
      "description" : "The type of relationship between documents.",
      "systems" : ["http://hl7.org/fhir/document-relationship-type"],
      "oids" : ["2.16.840.1.113883.4.642.3.244"],
      "sources" : ["2.16.840.1.113883.4.642.3.244"],
      "uses" : {
      },
      "StructureDefinition-oncology-kenya-registry-report.html" : "Oncology Kenya Registry Report"
    },
    {
      "url" : "http://hl7.org/fhir/ValueSet/dose-rate-type",
      "version" : "4.0.1",
      "status" : "draft",
      "name" : "DoseAndRateType",
      "title" : "DoseAndRateType",
      "description" : "The kind of dose or rate specified.",
      "systems" : ["http://terminology.hl7.org/CodeSystem/dose-rate-type"],
      "oids" : ["2.16.840.1.113883.4.642.3.981"],
      "sources" : ["2.16.840.1.113883.4.642.3.981"],
      "uses" : {
      },
      "StructureDefinition-oncology-kenya-medicationrequest.html" : "Oncology Kenya MedicationRequest"
    },
    {
      "url" : "http://hl7.org/fhir/ValueSet/fm-status",
      "version" : "4.0.1",
      "status" : "draft",
      "name" : "FinancialResourceStatusCodes",
      "title" : "Financial Resource Status Codes",
      "description" : "This value set includes Status codes.",
      "systems" : ["http://hl7.org/fhir/fm-status"],
      "oids" : ["2.16.840.1.113883.4.642.3.592"],
      "sources" : ["2.16.840.1.113883.4.642.3.592"],
      "uses" : {
      },
      "StructureDefinition-oncology-kenya-coverage.html" : "Oncology Kenya Coverage"
    },
    {
      "url" : "http://hl7.org/fhir/ValueSet/formatcodes",
      "version" : "4.0.1",
      "status" : "active",
      "name" : "DocumentReferenceFormatCodeSet",
      "title" : "DocumentReference Format Code Set",
      "description" : "The value set is defined to be the set of format codes defined by the IHE Technical Framework, and also including additional format codes defined by the    HL7. The value set is listed in HITSP C80 Table 2-153 Format Code Value Set Definition,    with additions published later by IHE as published    at http://wiki.ihe.net/index.php?title=IHE_Format_Codes   and with additions published later by HL7 as published at https://confluence.hl7.org/display/SD/Format+Codes+for+IHE+XDS.   This is the code specifying the technical format of the document. Along with the typeCode,    it should provide sufficient information to allow any potential document consumer to know    if it will be able to process the document. The code shall be sufficiently specific to    ensure processing/display by identifying a document encoding, structure and template. The actual list of codes here is incomplete",
      "systems" : ["http://ihe.net/fhir/ValueSet/IHE.FormatCode.codesystem"],
      "oids" : ["1.3.6.1.4.1.19376.1.2.7.1"],
      "sources" : ["1.3.6.1.4.1.19376.1.2.7.1"],
      "uses" : {
      },
      "StructureDefinition-oncology-kenya-registry-report.html" : "Oncology Kenya Registry Report"
    },
    {
      "url" : "http://hl7.org/fhir/ValueSet/identifier-type",
      "version" : "4.0.1",
      "status" : "active",
      "name" : "Identifier Type Codes",
      "title" : "IdentifierType",
      "description" : "A coded type for an identifier that can be used to determine which identifier to use for a specific purpose.",
      "systems" : ["http://terminology.hl7.org/CodeSystem/v2-0203"],
      "oids" : ["2.16.840.1.113883.4.642.3.45"],
      "sources" : ["2.16.840.1.113883.4.642.3.45"],
      "uses" : {
      },
      "StructureDefinition-oncology-kenya-patient.html" : "Oncology Kenya Patient"
    },
    {
      "url" : "http://hl7.org/fhir/ValueSet/identifier-use",
      "version" : "4.0.1",
      "status" : "active",
      "name" : "IdentifierUse",
      "title" : "IdentifierUse",
      "description" : "Identifies the purpose for this identifier, if known .",
      "systems" : ["http://hl7.org/fhir/identifier-use"],
      "oids" : ["2.16.840.1.113883.4.642.3.57"],
      "sources" : ["2.16.840.1.113883.4.642.3.57"],
      "uses" : {
      },
      "StructureDefinition-oncology-kenya-patient.html" : "Oncology Kenya Patient"
    },
    {
      "url" : "http://hl7.org/fhir/ValueSet/languages",
      "version" : "4.0.1",
      "status" : "draft",
      "name" : "CommonLanguages",
      "title" : "Common Languages",
      "description" : "This value set includes common codes from BCP-47 (http://tools.ietf.org/html/bcp47)",
      "systems" : ["urn:ietf:bcp:47"],
      "oids" : ["2.16.840.1.113883.4.642.3.20"],
      "sources" : ["2.16.840.1.113883.4.642.3.20"],
      "uses" : {
      },
      "StructureDefinition-oncology-kenya-registry-report.html" : "Oncology Kenya Registry Report",
      "StructureDefinition-oncology-kenya-condition.html" : "oncology kenya condition",
      "StructureDefinition-oncology-kenya-observation.html" : "Oncology Kenya Observation",
      "StructureDefinition-oncology-kenya-diagnosticreport.html" : "Oncology Kenya Diagnostic Report",
      "StructureDefinition-oncology-kenya-patient.html" : "Oncology Kenya Patient",
      "StructureDefinition-oncology-kenya-coverage.html" : "Oncology Kenya Coverage",
      "StructureDefinition-oncology-kenya-medicationrequest.html" : "Oncology Kenya MedicationRequest"
    },
    {
      "url" : "http://hl7.org/fhir/ValueSet/link-type",
      "version" : "4.0.1",
      "status" : "active",
      "name" : "LinkType",
      "title" : "LinkType",
      "description" : "The type of link between this patient resource and another patient resource.",
      "systems" : ["http://hl7.org/fhir/link-type"],
      "oids" : ["2.16.840.1.113883.4.642.3.423"],
      "sources" : ["2.16.840.1.113883.4.642.3.423"],
      "uses" : {
      },
      "StructureDefinition-oncology-kenya-patient.html" : "Oncology Kenya Patient"
    },
    {
      "url" : "http://hl7.org/fhir/ValueSet/manifestation-or-symptom",
      "version" : "4.0.1",
      "status" : "draft",
      "name" : "ManifestationAndSymptomCodes",
      "title" : "Manifestation and Symptom Codes",
      "description" : "Example value set for Manifestation and Symptom codes.",
      "systems" : ["http://snomed.info/sct"],
      "oids" : ["2.16.840.1.113883.4.642.3.169"],
      "sources" : ["2.16.840.1.113883.4.642.3.169"],
      "uses" : {
      },
      "StructureDefinition-oncology-kenya-condition.html" : "oncology kenya condition"
    },
    {
      "url" : "http://hl7.org/fhir/ValueSet/medication-as-needed-reason",
      "version" : "4.0.1",
      "status" : "draft",
      "name" : "SNOMEDCTMedicationAsNeededReasonCodes",
      "title" : "SNOMED CT Medication As Needed Reason Codes",
      "description" : "This value set includes all clinical findings from SNOMED CT - provided as an exemplar value set.",
      "systems" : ["http://snomed.info/sct"],
      "oids" : ["2.16.840.1.113883.4.642.3.96"],
      "sources" : ["2.16.840.1.113883.4.642.3.96"],
      "uses" : {
      },
      "StructureDefinition-oncology-kenya-medicationrequest.html" : "Oncology Kenya MedicationRequest"
    },
    {
      "url" : "http://hl7.org/fhir/ValueSet/medicationrequest-category",
      "version" : "4.0.1",
      "status" : "draft",
      "name" : "medicationRequest Category Codes",
      "title" : "Medication request  category  codes",
      "description" : "MedicationRequest Category Codes",
      "systems" : [
        "http://terminology.hl7.org/CodeSystem/medicationrequest-category"
      ],
      "oids" : ["2.16.840.1.113883.4.642.3.1322"],
      "sources" : ["2.16.840.1.113883.4.642.3.1322"],
      "uses" : {
      },
      "StructureDefinition-oncology-kenya-medicationrequest.html" : "Oncology Kenya MedicationRequest"
    },
    {
      "url" : "http://hl7.org/fhir/ValueSet/medicationrequest-course-of-therapy",
      "version" : "4.0.1",
      "status" : "draft",
      "name" : "medicationRequest Course of Therapy Codes",
      "title" : "Medication request  course of  therapy  codes",
      "description" : "MedicationRequest Course of Therapy Codes",
      "systems" : [
        "http://terminology.hl7.org/CodeSystem/medicationrequest-course-of-therapy"
      ],
      "oids" : ["2.16.840.1.113883.4.642.3.1326"],
      "sources" : ["2.16.840.1.113883.4.642.3.1326"],
      "uses" : {
      },
      "StructureDefinition-oncology-kenya-medicationrequest.html" : "Oncology Kenya MedicationRequest"
    },
    {
      "url" : "http://hl7.org/fhir/ValueSet/medicationrequest-intent",
      "version" : "4.0.1",
      "status" : "draft",
      "name" : "medicationRequest Intent",
      "title" : "Medication request  intent",
      "description" : "MedicationRequest Intent Codes",
      "systems" : ["http://hl7.org/fhir/CodeSystem/medicationrequest-intent"],
      "oids" : ["2.16.840.1.113883.4.642.3.1321"],
      "sources" : ["2.16.840.1.113883.4.642.3.1321"],
      "uses" : {
      },
      "StructureDefinition-oncology-kenya-medicationrequest.html" : "Oncology Kenya MedicationRequest"
    },
    {
      "url" : "http://hl7.org/fhir/ValueSet/medicationrequest-status",
      "version" : "4.0.1",
      "status" : "draft",
      "name" : "medicationrequest Status",
      "title" : "Medicationrequest  status",
      "description" : "MedicationRequest Status Codes",
      "systems" : ["http://hl7.org/fhir/CodeSystem/medicationrequest-status"],
      "oids" : ["2.16.840.1.113883.4.642.3.1320"],
      "sources" : ["2.16.840.1.113883.4.642.3.1320"],
      "uses" : {
      },
      "StructureDefinition-oncology-kenya-medicationrequest.html" : "Oncology Kenya MedicationRequest"
    },
    {
      "url" : "http://hl7.org/fhir/ValueSet/medicationrequest-status-reason",
      "version" : "4.0.1",
      "status" : "draft",
      "name" : "medicationRequest Status Reason Codes",
      "title" : "Medication request  status  reason  codes",
      "description" : "MedicationRequest Status Reason Codes",
      "systems" : [
        "http://terminology.hl7.org/CodeSystem/medicationrequest-status-reason"
      ],
      "oids" : ["2.16.840.1.113883.4.642.3.1324"],
      "sources" : ["2.16.840.1.113883.4.642.3.1324"],
      "uses" : {
      },
      "StructureDefinition-oncology-kenya-medicationrequest.html" : "Oncology Kenya MedicationRequest"
    },
    {
      "url" : "http://hl7.org/fhir/ValueSet/mimetypes",
      "version" : "4.0.1",
      "status" : "active",
      "name" : "Mime Types",
      "title" : "MimeType",
      "description" : "This value set includes all possible codes from BCP-13 (http://tools.ietf.org/html/bcp13)",
      "systems" : ["urn:ietf:bcp:13"],
      "oids" : ["2.16.840.1.113883.4.642.3.1024"],
      "sources" : ["2.16.840.1.113883.4.642.3.1024"],
      "uses" : {
      },
      "StructureDefinition-oncology-kenya-registry-report.html" : "Oncology Kenya Registry Report"
    },
    {
      "url" : "http://hl7.org/fhir/ValueSet/name-use",
      "version" : "4.0.1",
      "status" : "active",
      "name" : "NameUse",
      "title" : "NameUse",
      "description" : "The use of a human name.",
      "systems" : ["http://hl7.org/fhir/name-use"],
      "oids" : ["2.16.840.1.113883.4.642.3.65"],
      "sources" : ["2.16.840.1.113883.4.642.3.65"],
      "uses" : {
      },
      "StructureDefinition-oncology-kenya-patient.html" : "Oncology Kenya Patient"
    },
    {
      "url" : "http://hl7.org/fhir/ValueSet/observation-category",
      "version" : "4.0.1",
      "status" : "draft",
      "name" : "ObservationCategoryCodes",
      "title" : "Observation Category Codes",
      "description" : "Observation Category codes.",
      "systems" : ["http://terminology.hl7.org/CodeSystem/observation-category"],
      "oids" : ["2.16.840.1.113883.4.642.3.403"],
      "sources" : ["2.16.840.1.113883.4.642.3.403"],
      "uses" : {
      },
      "StructureDefinition-oncology-kenya-observation.html" : "Oncology Kenya Observation"
    },
    {
      "url" : "http://hl7.org/fhir/ValueSet/observation-codes",
      "version" : "4.0.1",
      "status" : "draft",
      "name" : "LOINCCodes",
      "title" : "LOINC Codes",
      "description" : "This value set includes all LOINC codes",
      "systems" : ["http://loinc.org"],
      "oids" : ["2.16.840.1.113883.4.642.3.396"],
      "sources" : ["2.16.840.1.113883.4.642.3.396"],
      "uses" : {
      },
      "StructureDefinition-oncology-kenya-observation.html" : "Oncology Kenya Observation"
    },
    {
      "url" : "http://hl7.org/fhir/ValueSet/observation-interpretation",
      "version" : "4.0.1",
      "status" : "active",
      "name" : "ObservationInterpretationCodes",
      "title" : "Observation Interpretation Codes",
      "description" : "A categorical assessment, providing a rough qualitative interpretation of the observation value,    such as “normal”/ “abnormal”,”low” / “high”, “better” / “worse”, “susceptible” / “resistant”, “expected”/ “not expected”.    The value set is intended to be for ANY use where coded representation of an interpretation is needed.   \r\n   \r\n   Notes:\r\n   \r\n   This is being communicated in v2.x in OBX-8 (Observation Interpretation), in v3 in ObservationInterpretation (CWE) in R1 (Representative Realm) and in FHIR in    Observation.interpretation. Historically these values come from the laboratory domain, and these codes are extensively    used. The value set binding is extensible, so codes outside the value set that are needed for interpretation concepts    (i.e. particular meanings) that are not included in the value set can be used, and these new codes may also be added to    the value set and published in a future version.",
      "systems" : [
        "http://terminology.hl7.org/CodeSystem/v3-ObservationInterpretation"
      ],
      "oids" : ["2.16.840.1.113883.4.642.3.399"],
      "sources" : ["2.16.840.1.113883.4.642.3.399"],
      "uses" : {
      },
      "StructureDefinition-oncology-kenya-observation.html" : "Oncology Kenya Observation"
    },
    {
      "url" : "http://hl7.org/fhir/ValueSet/observation-methods",
      "version" : "4.0.1",
      "status" : "draft",
      "name" : "ObservationMethods",
      "title" : "Observation Methods",
      "description" : "Observation Method codes from [SNOMED CT](http://snomed.info/sct) where concept is-a 272394005 (Technique (qualifier value)) or is-a 129264002 (Action (qualifier value)) or is-a 386053000 (Evaluation procedure(procedure))",
      "systems" : ["http://snomed.info/sct"],
      "oids" : ["2.16.840.1.113883.4.642.3.395"],
      "sources" : ["2.16.840.1.113883.4.642.3.395"],
      "uses" : {
      },
      "StructureDefinition-oncology-kenya-observation.html" : "Oncology Kenya Observation"
    },
    {
      "url" : "http://hl7.org/fhir/ValueSet/observation-status",
      "version" : "4.0.1",
      "status" : "active",
      "name" : "ObservationStatus",
      "title" : "ObservationStatus",
      "description" : "Codes providing the status of an observation.",
      "systems" : ["http://hl7.org/fhir/observation-status"],
      "oids" : ["2.16.840.1.113883.4.642.3.400"],
      "sources" : ["2.16.840.1.113883.4.642.3.400"],
      "uses" : {
      },
      "StructureDefinition-oncology-kenya-observation.html" : "Oncology Kenya Observation"
    },
    {
      "url" : "http://hl7.org/fhir/ValueSet/performer-role",
      "version" : "4.0.1",
      "status" : "draft",
      "name" : "ProcedurePerformerRoleCodes",
      "title" : "Procedure Performer Role Codes",
      "description" : "This example value set defines the set of codes that can be used to indicate a role of a procedure performer.",
      "systems" : ["http://snomed.info/sct"],
      "oids" : ["2.16.840.1.113883.4.642.3.433"],
      "sources" : ["2.16.840.1.113883.4.642.3.433"],
      "uses" : {
      },
      "StructureDefinition-oncology-kenya-medicationrequest.html" : "Oncology Kenya MedicationRequest"
    },
    {
      "url" : "http://hl7.org/fhir/ValueSet/referencerange-appliesto",
      "version" : "4.0.1",
      "status" : "draft",
      "name" : "ObservationReferenceRangeAppliesToCodes",
      "title" : "Observation Reference Range Applies To Codes",
      "description" : "This value set defines a set of codes that can be used to indicate the particular target population the reference range applies to.",
      "systems" : [
        "http://terminology.hl7.org/CodeSystem/v3-Race",
        "http://snomed.info/sct"
      ],
      "oids" : ["2.16.840.1.113883.4.642.3.407"],
      "sources" : ["2.16.840.1.113883.4.642.3.407"],
      "uses" : {
      },
      "StructureDefinition-oncology-kenya-observation.html" : "Oncology Kenya Observation"
    },
    {
      "url" : "http://hl7.org/fhir/ValueSet/referencerange-meaning",
      "version" : "4.0.1",
      "status" : "draft",
      "name" : "ObservationReferenceRangeMeaningCodes",
      "title" : "Observation Reference Range Meaning Codes",
      "description" : "This value set defines a set of codes that can be used to indicate the meaning/use of a reference range for a particular target population.",
      "systems" : [
        "http://terminology.hl7.org/CodeSystem/referencerange-meaning"
      ],
      "oids" : ["2.16.840.1.113883.4.642.3.397"],
      "sources" : ["2.16.840.1.113883.4.642.3.397"],
      "uses" : {
      },
      "StructureDefinition-oncology-kenya-observation.html" : "Oncology Kenya Observation"
    },
    {
      "url" : "http://hl7.org/fhir/ValueSet/report-codes",
      "version" : "4.0.1",
      "status" : "draft",
      "name" : "LOINCDiagnosticReportCodes",
      "title" : "LOINC Diagnostic Report Codes",
      "description" : "This value set includes LOINC codes that relate to Diagnostic Observations.",
      "systems" : ["http://loinc.org"],
      "oids" : ["2.16.840.1.113883.4.642.3.233"],
      "sources" : ["2.16.840.1.113883.4.642.3.233"],
      "uses" : {
      },
      "StructureDefinition-oncology-kenya-diagnosticreport.html" : "Oncology Kenya Diagnostic Report"
    },
    {
      "url" : "http://hl7.org/fhir/ValueSet/request-priority",
      "version" : "4.0.1",
      "status" : "draft",
      "name" : "RequestPriority",
      "title" : "Request priority",
      "description" : "The clinical priority of a diagnostic order.",
      "systems" : ["http://hl7.org/fhir/request-priority"],
      "oids" : ["2.16.840.1.113883.4.642.3.115"],
      "sources" : ["2.16.840.1.113883.4.642.3.115"],
      "uses" : {
      },
      "StructureDefinition-oncology-kenya-medicationrequest.html" : "Oncology Kenya MedicationRequest"
    },
    {
      "url" : "http://hl7.org/fhir/ValueSet/route-codes",
      "version" : "4.0.1",
      "status" : "draft",
      "name" : "SNOMEDCTRouteCodes",
      "title" : "SNOMED CT Route Codes",
      "description" : "This value set includes all Route codes from SNOMED CT - provided as an exemplar.",
      "systems" : ["http://snomed.info/sct"],
      "oids" : ["2.16.840.1.113883.4.642.3.98"],
      "sources" : ["2.16.840.1.113883.4.642.3.98"],
      "uses" : {
      },
      "StructureDefinition-oncology-kenya-medicationrequest.html" : "Oncology Kenya MedicationRequest"
    },
    {
      "url" : "http://hl7.org/fhir/ValueSet/security-labels",
      "version" : "4.0.1",
      "status" : "active",
      "name" : "All Security Labels",
      "title" : "SecurityLabels",
      "description" : "A single value set for all security labels defined by FHIR.",
      "systems" : [
        "http://terminology.hl7.org/CodeSystem/v3-ActReason",
        "http://terminology.hl7.org/CodeSystem/v3-ActUSPrivacyLaw",
        "http://terminology.hl7.org/CodeSystem/v3-ObservationValue",
        "http://terminology.hl7.org/CodeSystem/v3-ActCode",
        "http://terminology.hl7.org/CodeSystem/v3-Confidentiality"
      ],
      "oids" : ["2.16.840.1.113883.4.642.3.47"],
      "sources" : ["2.16.840.1.113883.4.642.3.47"],
      "uses" : {
      },
      "StructureDefinition-oncology-kenya-registry-report.html" : "Oncology Kenya Registry Report"
    },
    {
      "url" : "http://hl7.org/fhir/ValueSet/subscriber-relationship",
      "version" : "4.0.1",
      "status" : "draft",
      "name" : "SubscriberRelationshipCodes",
      "title" : "SubscriberPolicyholder Relationship Codes",
      "description" : "This value set includes codes for the relationship between the Subscriber and the Beneficiary (insured/covered party/patient).",
      "systems" : [
        "http://terminology.hl7.org/CodeSystem/subscriber-relationship"
      ],
      "oids" : ["2.16.840.1.113883.4.642.3.1385"],
      "sources" : ["2.16.840.1.113883.4.642.3.1385"],
      "uses" : {
      },
      "StructureDefinition-oncology-kenya-coverage.html" : "Oncology Kenya Coverage"
    },
    {
      "url" : "http://terminology.hl7.org/ValueSet/v3-ActCode",
      "version" : "3.0.0",
      "status" : "active",
      "name" : "ActCode",
      "title" : "v3 Code System ActCode",
      "description" : "A code specifying the particular kind of Act that the Act-instance represents within its class.  Constraints:\r\nThe kind of Act (e.g. physical examination, serum potassium, inpatient encounter, charge financial transaction, etc.) is specified with a code from one of several, typically external, coding systems.  The coding system will depend on the class of Act, such as LOINC for observations, etc. Conceptually, the Act.code must be a specialization of the Act.classCode. This is why the structure of ActClass domain should be reflected in the superstructure of the ActCode domain and then individual codes or externally referenced vocabularies subordinated under these domains that reflect the ActClass structure. Act.classCode and Act.code are not modifiers of each other but the Act.code concept should really imply the Act.classCode concept. For a negative example, it is not appropriate to use an Act.code \"potassium\" together with and Act.classCode for \"laboratory observation\" to somehow mean \"potassium laboratory observation\" and then use the same Act.code for \"potassium\" together with Act.classCode for \"medication\" to mean \"substitution of potassium\". This mutually modifying use of Act.code and Act.classCode is not permitted.",
      "systems" : ["http://terminology.hl7.org/CodeSystem/v3-ActCode"],
      "uses" : {
      },
      "StructureDefinition-oncology-kenya-registry-report.html" : "Oncology Kenya Registry Report"
    },
    {
      "url" : "http://terminology.hl7.org/ValueSet/v3-ActSubstanceAdminSubstitutionCode",
      "version" : "3.0.0",
      "status" : "active",
      "name" : "ActSubstanceAdminSubstitutionCode",
      "title" : "ActSubstanceAdminSubstitutionCode",
      "description" : "***No description***",
      "systems" : [
        "http://terminology.hl7.org/CodeSystem/v3-substanceAdminSubstitution"
      ],
      "oids" : ["2.16.840.1.113883.1.11.16621"],
      "sources" : ["2.16.840.1.113883.1.11.16621"],
      "uses" : {
      },
      "StructureDefinition-oncology-kenya-medicationrequest.html" : "Oncology Kenya MedicationRequest"
    },
    {
      "url" : "http://terminology.hl7.org/ValueSet/v3-SubstanceAdminSubstitutionReason",
      "version" : "3.0.0",
      "status" : "active",
      "name" : "SubstanceAdminSubstitutionReason",
      "title" : "SubstanceAdminSubstitutionReason",
      "description" : "***No description***",
      "systems" : ["http://terminology.hl7.org/CodeSystem/v3-ActReason"],
      "oids" : ["2.16.840.1.113883.1.11.19377"],
      "sources" : ["2.16.840.1.113883.1.11.19377"],
      "uses" : {
      },
      "StructureDefinition-oncology-kenya-medicationrequest.html" : "Oncology Kenya MedicationRequest"
    }
  ]
}
