{"resourceType":"CapabilityStatement","id":"OncologyKenyaCapabilityStatement","text":{"status":"extensions","div":"<div xmlns=\"http://www.w3.org/1999/xhtml\"><p class=\"res-header-id\"><b>Generated Narrative: CapabilityStatement OncologyKenyaCapabilityStatement</b></p><a name=\"OncologyKenyaCapabilityStatement\"> </a><a name=\"hcOncologyKenyaCapabilityStatement\"> </a><h2 id=\"title\">Oncology Kenya FHIR Server Capability Statement</h2><ul><li>Implementation Guide Version: 0.1.0 </li><li>FHIR Version: 4.0.1 </li><li>Supported Formats: <code>json</code>, <code>xml</code></li><li>Supported Patch Formats: </li><li>Published on: 2025-06-30 </li><li>Published by: Medby_Tech </li></ul><blockquote class=\"impl-note\"><p><strong>Note to Implementers: FHIR Capabilities</strong></p><p>Any FHIR capability may be 'allowed' by the system unless explicitly marked as 'SHALL NOT'. A few items are marked as MAY in the Implementation Guide to highlight their potential relevance to the use case.</p></blockquote><h2 id=\"rest\">FHIR RESTful Capabilities</h2><div class=\"panel panel-default\"><div class=\"panel-heading\"><h3 id=\"mode1\" class=\"panel-title\">Mode: <code>server</code></h3></div><div class=\"panel-body\"><div class=\"lead\"><em>Summary of System-wide Interactions</em></div></div></div><h3 id=\"resourcesCap1\">Capabilities by Resource/Profile</h3><h4 id=\"resourcesSummary1\">Summary</h4><p>The summary table lists the resources that are part of this configuration, and for each resource it lists:</p><ul><li>The relevant profiles (if any)</li><li>The interactions supported by each resource (<b><span class=\"bg-info\">R</span></b>ead, <b><span class=\"bg-info\">S</span></b>earch, <b><span class=\"bg-info\">U</span></b>pdate, and <b><span class=\"bg-info\">C</span></b>reate, are always shown, while <b><span class=\"bg-info\">VR</span></b>ead, <b><span class=\"bg-info\">P</span></b>atch, <b><span class=\"bg-info\">D</span></b>elete, <b><span class=\"bg-info\">H</span></b>istory on <b><span class=\"bg-info\">I</span></b>nstance, or <b><span class=\"bg-info\">H</span></b>istory on <b><span class=\"bg-info\">T</span></b>ype are only present if at least one of the resources has support for them.</li><li><span>The required, recommended, and some optional search parameters (if any). </span></li><li>The linked resources enabled for <code>_include</code></li><li>The other resources enabled for <code>_revinclude</code></li><li>The operations on the resource (if any)</li></ul><div class=\"table-responsive\"><table class=\"table table-condensed table-hover\"><thead><tr><th><b>Resource Type</b></th><th><b>Profile</b></th><th class=\"text-center\"><b title=\"GET a resource (read interaction)\">R</b></th><th class=\"text-center\"><b title=\"GET all set of resources of the type (search interaction)\">S</b></th><th class=\"text-center\"><b title=\"PUT a new resource version (update interaction)\">U</b></th><th class=\"text-center\"><b title=\"POST a new resource (create interaction)\">C</b></th><th><b title=\"Required and recommended search parameters\">Searches</b></th><th><code><b>_include</b></code></th><th><code><b>_revinclude</b></code></th><th><b>Operations</b></th></tr></thead><tbody><tr><td><a href=\"#Patient1-1\">Patient</a></td><td>http://steve-macharia.github.io/Oncology-IG-Kenya/StructureDefinition/OncologyKenyaPatient</td><td class=\"text-center\"></td><td class=\"text-center\"></td><td class=\"text-center\"></td><td class=\"text-center\"></td><td></td><td/><td/><td/></tr><tr><td><a href=\"#CarePlan1-2\">CarePlan</a></td><td>http://steve-macharia.github.io/Oncology-IG-Kenya/StructureDefinition/OncologyKenyaCarePlan</td><td class=\"text-center\"></td><td class=\"text-center\"></td><td class=\"text-center\"></td><td class=\"text-center\"></td><td></td><td/><td/><td/></tr><tr><td><a href=\"#MedicationRequest1-3\">MedicationRequest</a></td><td>http://steve-macharia.github.io/Oncology-IG-Kenya/StructureDefinition/OncologyKenyaMedicationRequest</td><td class=\"text-center\"></td><td class=\"text-center\"></td><td class=\"text-center\"></td><td class=\"text-center\"></td><td></td><td/><td/><td/></tr></tbody></table></div><hr/><div class=\"panel panel-default\"><div class=\"panel-heading\"><h4 id=\"Patient1-1\" class=\"panel-title\"><span style=\"float: right;\">Resource Conformance: supported </span>Patient</h4></div><div class=\"panel-body\"><div class=\"container\"><div class=\"row\"><div class=\"col-lg-6\"><span class=\"lead\">Base System Profile</span><br/><code>http://steve-macharia.github.io/Oncology-IG-Kenya/StructureDefinition/OncologyKenyaPatient</code></div><div class=\"col-lg-3\"><span class=\"lead\">Profile Conformance</span><br/><b>SHALL</b></div><div class=\"col-lg-3\"><span class=\"lead\">Reference Policy</span><br/></div></div><p/><div class=\"row\"><div class=\"col-lg-6\"><span class=\"lead\">Interaction summary</span><br/><ul/></div></div><p/></div></div></div><div class=\"panel panel-default\"><div class=\"panel-heading\"><h4 id=\"CarePlan1-2\" class=\"panel-title\"><span style=\"float: right;\">Resource Conformance: supported </span>CarePlan</h4></div><div class=\"panel-body\"><div class=\"container\"><div class=\"row\"><div class=\"col-lg-6\"><span class=\"lead\">Base System Profile</span><br/><code>http://steve-macharia.github.io/Oncology-IG-Kenya/StructureDefinition/OncologyKenyaCarePlan</code></div><div class=\"col-lg-3\"><span class=\"lead\">Profile Conformance</span><br/><b>SHALL</b></div><div class=\"col-lg-3\"><span class=\"lead\">Reference Policy</span><br/></div></div><p/><div class=\"row\"><div class=\"col-lg-6\"><span class=\"lead\">Interaction summary</span><br/><ul/></div></div><p/></div></div></div><div class=\"panel panel-default\"><div class=\"panel-heading\"><h4 id=\"MedicationRequest1-3\" class=\"panel-title\"><span style=\"float: right;\">Resource Conformance: supported </span>MedicationRequest</h4></div><div class=\"panel-body\"><div class=\"container\"><div class=\"row\"><div class=\"col-lg-6\"><span class=\"lead\">Base System Profile</span><br/><code>http://steve-macharia.github.io/Oncology-IG-Kenya/StructureDefinition/OncologyKenyaMedicationRequest</code></div><div class=\"col-lg-3\"><span class=\"lead\">Profile Conformance</span><br/><b>SHALL</b></div><div class=\"col-lg-3\"><span class=\"lead\">Reference Policy</span><br/></div></div><p/><div class=\"row\"><div class=\"col-lg-6\"><span class=\"lead\">Interaction summary</span><br/><ul/></div></div><p/></div></div></div></div>"},"url":"http://example.org/CapabilityStatement/OncologyKenyaCapabilityStatement","version":"0.1.0","title":"Oncology Kenya FHIR Server Capability Statement","status":"active","date":"2025-06-30","publisher":"Medby_Tech","contact":[{"name":"Medby_Tech","telecom":[{"system":"url","value":"http://example.org/example-publisher"}]}],"description":"Defines the capabilities of the Oncology Implementation Guide for Kenya conforming to national cancer care standards.","kind":"instance","software":{"name":"Oncology-IG-Kenya Server","version":"1.0.0"},"fhirVersion":"4.0.1","format":["json","xml"],"rest":[{"mode":"server","resource":[{"type":"Patient","profile":"http://steve-macharia.github.io/Oncology-IG-Kenya/StructureDefinition/OncologyKenyaPatient"},{"type":"CarePlan","profile":"http://steve-macharia.github.io/Oncology-IG-Kenya/StructureDefinition/OncologyKenyaCarePlan"},{"type":"MedicationRequest","profile":"http://steve-macharia.github.io/Oncology-IG-Kenya/StructureDefinition/OncologyKenyaMedicationRequest"}]}]}