{"resourceType":"ImplementationGuide","id":"medby","text":{"status":"generated","div":"<div xmlns=\"http://www.w3.org/1999/xhtml\"><p class=\"res-header-id\"><b>Generated Narrative: ImplementationGuide medby</b></p><a name=\"medby\"> </a><a name=\"hcmedby\"> </a><h2>oncologyfhirigkenya</h2><p>The official URL for this implementation guide is: </p><pre>http://example.org/ImplementationGuide/medby</pre></div>"},"url":"http://example.org/ImplementationGuide/medby","version":"0.1.0","name":"oncologyfhirigkenya","status":"draft","date":"2025-06-30T18:02:10+00:00","publisher":"Medby_Tech","contact":[{"name":"Medby_Tech","telecom":[{"system":"url","value":"http://example.org/example-publisher"}]}],"packageId":"medby","license":"CC0-1.0","fhirVersion":["4.0.1"],"dependsOn":[{"id":"hl7tx","extension":[{"url":"http://hl7.org/fhir/tools/StructureDefinition/implementationguide-dependency-comment","valueMarkdown":"Automatically added as a dependency - all IGs depend on HL7 Terminology"}],"uri":"http://terminology.hl7.org/ImplementationGuide/hl7.terminology","packageId":"hl7.terminology.r4","version":"6.4.0"},{"id":"hl7ext","extension":[{"url":"http://hl7.org/fhir/tools/StructureDefinition/implementationguide-dependency-comment","valueMarkdown":"Automatically added as a dependency - all IGs depend on the HL7 Extension Pack"}],"uri":"http://hl7.org/fhir/extensions/ImplementationGuide/hl7.fhir.uv.extensions","packageId":"hl7.fhir.uv.extensions.r4","version":"5.2.0"}],"definition":{"extension":[{"extension":[{"url":"code","valueString":"copyrightyear"},{"url":"value","valueString":"2025+"}],"url":"http://hl7.org/fhir/tools/StructureDefinition/ig-parameter"},{"extension":[{"url":"code","valueString":"releaselabel"},{"url":"value","valueString":"ci-build"}],"url":"http://hl7.org/fhir/tools/StructureDefinition/ig-parameter"},{"extension":[{"url":"code","valueString":"autoload-resources"},{"url":"value","valueString":"true"}],"url":"http://hl7.org/fhir/tools/StructureDefinition/ig-parameter"},{"extension":[{"url":"code","valueString":"path-liquid"},{"url":"value","valueString":"template/liquid"}],"url":"http://hl7.org/fhir/tools/StructureDefinition/ig-parameter"},{"extension":[{"url":"code","valueString":"path-liquid"},{"url":"value","valueString":"input/liquid"}],"url":"http://hl7.org/fhir/tools/StructureDefinition/ig-parameter"},{"extension":[{"url":"code","valueString":"path-qa"},{"url":"value","valueString":"temp/qa"}],"url":"http://hl7.org/fhir/tools/StructureDefinition/ig-parameter"},{"extension":[{"url":"code","valueString":"path-temp"},{"url":"value","valueString":"temp/pages"}],"url":"http://hl7.org/fhir/tools/StructureDefinition/ig-parameter"},{"extension":[{"url":"code","valueString":"path-output"},{"url":"value","valueString":"output"}],"url":"http://hl7.org/fhir/tools/StructureDefinition/ig-parameter"},{"extension":[{"url":"code","valueString":"path-suppressed-warnings"},{"url":"value","valueString":"input/ignoreWarnings.txt"}],"url":"http://hl7.org/fhir/tools/StructureDefinition/ig-parameter"},{"extension":[{"url":"code","valueString":"path-history"},{"url":"value","valueString":"http://example.org/history.html"}],"url":"http://hl7.org/fhir/tools/StructureDefinition/ig-parameter"},{"extension":[{"url":"code","valueString":"template-html"},{"url":"value","valueString":"template-page.html"}],"url":"http://hl7.org/fhir/tools/StructureDefinition/ig-parameter"},{"extension":[{"url":"code","valueString":"template-md"},{"url":"value","valueString":"template-page-md.html"}],"url":"http://hl7.org/fhir/tools/StructureDefinition/ig-parameter"},{"extension":[{"url":"code","valueString":"apply-contact"},{"url":"value","valueString":"true"}],"url":"http://hl7.org/fhir/tools/StructureDefinition/ig-parameter"},{"extension":[{"url":"code","valueString":"apply-context"},{"url":"value","valueString":"true"}],"url":"http://hl7.org/fhir/tools/StructureDefinition/ig-parameter"},{"extension":[{"url":"code","valueString":"apply-copyright"},{"url":"value","valueString":"true"}],"url":"http://hl7.org/fhir/tools/StructureDefinition/ig-parameter"},{"extension":[{"url":"code","valueString":"apply-jurisdiction"},{"url":"value","valueString":"true"}],"url":"http://hl7.org/fhir/tools/StructureDefinition/ig-parameter"},{"extension":[{"url":"code","valueString":"apply-license"},{"url":"value","valueString":"true"}],"url":"http://hl7.org/fhir/tools/StructureDefinition/ig-parameter"},{"extension":[{"url":"code","valueString":"apply-publisher"},{"url":"value","valueString":"true"}],"url":"http://hl7.org/fhir/tools/StructureDefinition/ig-parameter"},{"extension":[{"url":"code","valueString":"apply-version"},{"url":"value","valueString":"true"}],"url":"http://hl7.org/fhir/tools/StructureDefinition/ig-parameter"},{"extension":[{"url":"code","valueString":"apply-wg"},{"url":"value","valueString":"true"}],"url":"http://hl7.org/fhir/tools/StructureDefinition/ig-parameter"},{"extension":[{"url":"code","valueString":"active-tables"},{"url":"value","valueString":"true"}],"url":"http://hl7.org/fhir/tools/StructureDefinition/ig-parameter"},{"extension":[{"url":"code","valueString":"fmm-definition"},{"url":"value","valueString":"http://hl7.org/fhir/versions.html#maturity"}],"url":"http://hl7.org/fhir/tools/StructureDefinition/ig-parameter"},{"extension":[{"url":"code","valueString":"propagate-status"},{"url":"value","valueString":"true"}],"url":"http://hl7.org/fhir/tools/StructureDefinition/ig-parameter"},{"extension":[{"url":"code","valueString":"excludelogbinaryformat"},{"url":"value","valueString":"true"}],"url":"http://hl7.org/fhir/tools/StructureDefinition/ig-parameter"},{"extension":[{"url":"code","valueString":"tabbed-snapshots"},{"url":"value","valueString":"true"}],"url":"http://hl7.org/fhir/tools/StructureDefinition/ig-parameter"},{"url":"http://hl7.org/fhir/tools/StructureDefinition/ig-internal-dependency","valueCode":"hl7.fhir.uv.tools.r4#0.5.0"},{"extension":[{"url":"code","valueCode":"copyrightyear"},{"url":"value","valueString":"2025+"}],"url":"http://hl7.org/fhir/tools/StructureDefinition/ig-parameter"},{"extension":[{"url":"code","valueCode":"releaselabel"},{"url":"value","valueString":"ci-build"}],"url":"http://hl7.org/fhir/tools/StructureDefinition/ig-parameter"},{"extension":[{"url":"code","valueCode":"autoload-resources"},{"url":"value","valueString":"true"}],"url":"http://hl7.org/fhir/tools/StructureDefinition/ig-parameter"},{"extension":[{"url":"code","valueCode":"path-liquid"},{"url":"value","valueString":"template/liquid"}],"url":"http://hl7.org/fhir/tools/StructureDefinition/ig-parameter"},{"extension":[{"url":"code","valueCode":"path-liquid"},{"url":"value","valueString":"input/liquid"}],"url":"http://hl7.org/fhir/tools/StructureDefinition/ig-parameter"},{"extension":[{"url":"code","valueCode":"path-qa"},{"url":"value","valueString":"temp/qa"}],"url":"http://hl7.org/fhir/tools/StructureDefinition/ig-parameter"},{"extension":[{"url":"code","valueCode":"path-temp"},{"url":"value","valueString":"temp/pages"}],"url":"http://hl7.org/fhir/tools/StructureDefinition/ig-parameter"},{"extension":[{"url":"code","valueCode":"path-output"},{"url":"value","valueString":"output"}],"url":"http://hl7.org/fhir/tools/StructureDefinition/ig-parameter"},{"extension":[{"url":"code","valueCode":"path-suppressed-warnings"},{"url":"value","valueString":"input/ignoreWarnings.txt"}],"url":"http://hl7.org/fhir/tools/StructureDefinition/ig-parameter"},{"extension":[{"url":"code","valueCode":"path-history"},{"url":"value","valueString":"http://example.org/history.html"}],"url":"http://hl7.org/fhir/tools/StructureDefinition/ig-parameter"},{"extension":[{"url":"code","valueCode":"template-html"},{"url":"value","valueString":"template-page.html"}],"url":"http://hl7.org/fhir/tools/StructureDefinition/ig-parameter"},{"extension":[{"url":"code","valueCode":"template-md"},{"url":"value","valueString":"template-page-md.html"}],"url":"http://hl7.org/fhir/tools/StructureDefinition/ig-parameter"},{"extension":[{"url":"code","valueCode":"apply-contact"},{"url":"value","valueString":"true"}],"url":"http://hl7.org/fhir/tools/StructureDefinition/ig-parameter"},{"extension":[{"url":"code","valueCode":"apply-context"},{"url":"value","valueString":"true"}],"url":"http://hl7.org/fhir/tools/StructureDefinition/ig-parameter"},{"extension":[{"url":"code","valueCode":"apply-copyright"},{"url":"value","valueString":"true"}],"url":"http://hl7.org/fhir/tools/StructureDefinition/ig-parameter"},{"extension":[{"url":"code","valueCode":"apply-jurisdiction"},{"url":"value","valueString":"true"}],"url":"http://hl7.org/fhir/tools/StructureDefinition/ig-parameter"},{"extension":[{"url":"code","valueCode":"apply-license"},{"url":"value","valueString":"true"}],"url":"http://hl7.org/fhir/tools/StructureDefinition/ig-parameter"},{"extension":[{"url":"code","valueCode":"apply-publisher"},{"url":"value","valueString":"true"}],"url":"http://hl7.org/fhir/tools/StructureDefinition/ig-parameter"},{"extension":[{"url":"code","valueCode":"apply-version"},{"url":"value","valueString":"true"}],"url":"http://hl7.org/fhir/tools/StructureDefinition/ig-parameter"},{"extension":[{"url":"code","valueCode":"apply-wg"},{"url":"value","valueString":"true"}],"url":"http://hl7.org/fhir/tools/StructureDefinition/ig-parameter"},{"extension":[{"url":"code","valueCode":"active-tables"},{"url":"value","valueString":"true"}],"url":"http://hl7.org/fhir/tools/StructureDefinition/ig-parameter"},{"extension":[{"url":"code","valueCode":"fmm-definition"},{"url":"value","valueString":"http://hl7.org/fhir/versions.html#maturity"}],"url":"http://hl7.org/fhir/tools/StructureDefinition/ig-parameter"},{"extension":[{"url":"code","valueCode":"propagate-status"},{"url":"value","valueString":"true"}],"url":"http://hl7.org/fhir/tools/StructureDefinition/ig-parameter"},{"extension":[{"url":"code","valueCode":"excludelogbinaryformat"},{"url":"value","valueString":"true"}],"url":"http://hl7.org/fhir/tools/StructureDefinition/ig-parameter"},{"extension":[{"url":"code","valueCode":"tabbed-snapshots"},{"url":"value","valueString":"true"}],"url":"http://hl7.org/fhir/tools/StructureDefinition/ig-parameter"},{"extension":[{"url":"code","valueCode":"copyrightyear"},{"url":"value","valueString":"2025+"}],"url":"http://hl7.org/fhir/tools/StructureDefinition/ig-parameter"},{"extension":[{"url":"code","valueCode":"releaselabel"},{"url":"value","valueString":"ci-build"}],"url":"http://hl7.org/fhir/tools/StructureDefinition/ig-parameter"},{"extension":[{"url":"code","valueCode":"autoload-resources"},{"url":"value","valueString":"true"}],"url":"http://hl7.org/fhir/tools/StructureDefinition/ig-parameter"},{"extension":[{"url":"code","valueCode":"path-liquid"},{"url":"value","valueString":"template/liquid"}],"url":"http://hl7.org/fhir/tools/StructureDefinition/ig-parameter"},{"extension":[{"url":"code","valueCode":"path-liquid"},{"url":"value","valueString":"input/liquid"}],"url":"http://hl7.org/fhir/tools/StructureDefinition/ig-parameter"},{"extension":[{"url":"code","valueCode":"path-qa"},{"url":"value","valueString":"temp/qa"}],"url":"http://hl7.org/fhir/tools/StructureDefinition/ig-parameter"},{"extension":[{"url":"code","valueCode":"path-temp"},{"url":"value","valueString":"temp/pages"}],"url":"http://hl7.org/fhir/tools/StructureDefinition/ig-parameter"},{"extension":[{"url":"code","valueCode":"path-output"},{"url":"value","valueString":"output"}],"url":"http://hl7.org/fhir/tools/StructureDefinition/ig-parameter"},{"extension":[{"url":"code","valueCode":"path-suppressed-warnings"},{"url":"value","valueString":"input/ignoreWarnings.txt"}],"url":"http://hl7.org/fhir/tools/StructureDefinition/ig-parameter"},{"extension":[{"url":"code","valueCode":"path-history"},{"url":"value","valueString":"http://example.org/history.html"}],"url":"http://hl7.org/fhir/tools/StructureDefinition/ig-parameter"},{"extension":[{"url":"code","valueCode":"template-html"},{"url":"value","valueString":"template-page.html"}],"url":"http://hl7.org/fhir/tools/StructureDefinition/ig-parameter"},{"extension":[{"url":"code","valueCode":"template-md"},{"url":"value","valueString":"template-page-md.html"}],"url":"http://hl7.org/fhir/tools/StructureDefinition/ig-parameter"},{"extension":[{"url":"code","valueCode":"apply-contact"},{"url":"value","valueString":"true"}],"url":"http://hl7.org/fhir/tools/StructureDefinition/ig-parameter"},{"extension":[{"url":"code","valueCode":"apply-context"},{"url":"value","valueString":"true"}],"url":"http://hl7.org/fhir/tools/StructureDefinition/ig-parameter"},{"extension":[{"url":"code","valueCode":"apply-copyright"},{"url":"value","valueString":"true"}],"url":"http://hl7.org/fhir/tools/StructureDefinition/ig-parameter"},{"extension":[{"url":"code","valueCode":"apply-jurisdiction"},{"url":"value","valueString":"true"}],"url":"http://hl7.org/fhir/tools/StructureDefinition/ig-parameter"},{"extension":[{"url":"code","valueCode":"apply-license"},{"url":"value","valueString":"true"}],"url":"http://hl7.org/fhir/tools/StructureDefinition/ig-parameter"},{"extension":[{"url":"code","valueCode":"apply-publisher"},{"url":"value","valueString":"true"}],"url":"http://hl7.org/fhir/tools/StructureDefinition/ig-parameter"},{"extension":[{"url":"code","valueCode":"apply-version"},{"url":"value","valueString":"true"}],"url":"http://hl7.org/fhir/tools/StructureDefinition/ig-parameter"},{"extension":[{"url":"code","valueCode":"apply-wg"},{"url":"value","valueString":"true"}],"url":"http://hl7.org/fhir/tools/StructureDefinition/ig-parameter"},{"extension":[{"url":"code","valueCode":"active-tables"},{"url":"value","valueString":"true"}],"url":"http://hl7.org/fhir/tools/StructureDefinition/ig-parameter"},{"extension":[{"url":"code","valueCode":"fmm-definition"},{"url":"value","valueString":"http://hl7.org/fhir/versions.html#maturity"}],"url":"http://hl7.org/fhir/tools/StructureDefinition/ig-parameter"},{"extension":[{"url":"code","valueCode":"propagate-status"},{"url":"value","valueString":"true"}],"url":"http://hl7.org/fhir/tools/StructureDefinition/ig-parameter"},{"extension":[{"url":"code","valueCode":"excludelogbinaryformat"},{"url":"value","valueString":"true"}],"url":"http://hl7.org/fhir/tools/StructureDefinition/ig-parameter"},{"extension":[{"url":"code","valueCode":"tabbed-snapshots"},{"url":"value","valueString":"true"}],"url":"http://hl7.org/fhir/tools/StructureDefinition/ig-parameter"}],"grouping":[{"id":"-dyn-capabilitystatement","name":"Behavior: Capability Statements","description":"The following artifacts define the specific capabilities that different types of systems are expected to have in order to comply with this implementation guide.  Systems conforming to this implementation guide are expected to declare conformance to one or more of the following capability statements."},{"id":"-dyn-searchparameter","name":"Behavior: Search Parameters","description":"These define the properties by which a RESTful server can be searched.  They can also be used for sorting and including related resources."},{"id":"-str-profile","name":"Structures: Resource Profiles","description":"These define constraints on FHIR resources for systems conforming to this implementation guide."},{"id":"-str-extension","name":"Structures: Extension Definitions","description":"These define constraints on FHIR data types for systems conforming to this implementation guide."},{"id":"-term-valueset","name":"Terminology: Value Sets","description":"These define sets of codes used by systems conforming to this implementation guide."},{"id":"-term-codesystem","name":"Terminology: Code Systems","description":"These define new code systems used by systems conforming to this implementation guide."},{"id":"-ex-example","name":"Example: Example Instances","description":"These are example instances that show what data produced and consumed by systems conforming with this implementation guide might look like."},{"id":"-other","name":"Other","description":"These are resources that are used within this implementation guide that do not fit into one of the other categories."}],"resource":[{"extension":[{"url":"http://hl7.org/fhir/tools/StructureDefinition/resource-sort","valueInteger":999999999},{"url":"http://hl7.org/fhir/StructureDefinition/implementationguide-page","valueUri":"CapabilityStatement-OncologyKenyaCapabilityStatement.html"}],"reference":{"reference":"CapabilityStatement/OncologyKenyaCapabilityStatement"},"name":"Oncology Kenya FHIR Server Capability Statement","description":"Defines the capabilities of the Oncology Implementation Guide for Kenya conforming to national cancer care standards.","exampleBoolean":false,"groupingId":"-dyn-capabilitystatement"},{"extension":[{"url":"http://hl7.org/fhir/tools/StructureDefinition/resource-sort","valueInteger":999999999},{"url":"http://hl7.org/fhir/StructureDefinition/implementationguide-page","valueUri":"SearchParameter-search-cancer-stage.html"}],"reference":{"reference":"SearchParameter/search-cancer-stage"},"name":"Search by Cancer Stage","description":"Filter patients by cancer staging captured in an Observation","exampleBoolean":false,"groupingId":"-dyn-searchparameter"},{"extension":[{"url":"http://hl7.org/fhir/tools/StructureDefinition/resource-sort","valueInteger":999999999},{"url":"http://hl7.org/fhir/StructureDefinition/implementationguide-page","valueUri":"SearchParameter-search-cancer-type.html"}],"reference":{"reference":"SearchParameter/search-cancer-type"},"name":"Search by Cancer Type","description":"Filter patients by cancer diagnosis (Condition.code)","exampleBoolean":false,"groupingId":"-dyn-searchparameter"},{"extension":[{"url":"http://hl7.org/fhir/tools/StructureDefinition/resource-sort","valueInteger":999999999},{"url":"http://hl7.org/fhir/StructureDefinition/implementationguide-page","valueUri":"SearchParameter-search-county.html"}],"reference":{"reference":"SearchParameter/search-county"},"name":"Search by County","description":"Allows filtering patients by County (address.state)","exampleBoolean":false,"groupingId":"-dyn-searchparameter"},{"extension":[{"url":"http://hl7.org/fhir/tools/StructureDefinition/resource-sort","valueInteger":999999999},{"url":"http://hl7.org/fhir/StructureDefinition/implementationguide-page","valueUri":"SearchParameter-search-birthdate.html"}],"reference":{"reference":"SearchParameter/search-birthdate"},"name":"Search by Date of Birth","description":"Filter patients by date of birth","exampleBoolean":false,"groupingId":"-dyn-searchparameter"},{"extension":[{"url":"http://hl7.org/fhir/tools/StructureDefinition/resource-sort","valueInteger":999999999},{"url":"http://hl7.org/fhir/StructureDefinition/implementationguide-page","valueUri":"SearchParameter-search-education-level.html"}],"reference":{"reference":"SearchParameter/search-education-level"},"name":"Search by Education Level","description":"Allows filtering patients by Education Level extension","exampleBoolean":false,"groupingId":"-dyn-searchparameter"},{"extension":[{"url":"http://hl7.org/fhir/tools/StructureDefinition/resource-sort","valueInteger":999999999},{"url":"http://hl7.org/fhir/StructureDefinition/implementationguide-page","valueUri":"SearchParameter-search-facility-upi.html"}],"reference":{"reference":"SearchParameter/search-facility-upi"},"name":"Search by Facility UPI","description":"Allows filtering patients by Facility UPI","exampleBoolean":false,"groupingId":"-dyn-searchparameter"},{"extension":[{"url":"http://hl7.org/fhir/tools/StructureDefinition/resource-sort","valueInteger":999999999},{"url":"http://hl7.org/fhir/StructureDefinition/implementationguide-page","valueUri":"SearchParameter-search-gender.html"}],"reference":{"reference":"SearchParameter/search-gender"},"name":"Search by Gender","description":"Filter patients by biological sex","exampleBoolean":false,"groupingId":"-dyn-searchparameter"},{"extension":[{"url":"http://hl7.org/fhir/tools/StructureDefinition/resource-sort","valueInteger":999999999},{"url":"http://hl7.org/fhir/StructureDefinition/implementationguide-page","valueUri":"SearchParameter-search-national-id.html"}],"reference":{"reference":"SearchParameter/search-national-id"},"name":"Search by National ID","description":"Filter patients by Kenyan National ID","exampleBoolean":false,"groupingId":"-dyn-searchparameter"},{"extension":[{"url":"http://hl7.org/fhir/tools/StructureDefinition/resource-sort","valueInteger":999999999},{"url":"http://hl7.org/fhir/StructureDefinition/implementationguide-page","valueUri":"SearchParameter-search-occupation.html"}],"reference":{"reference":"SearchParameter/search-occupation"},"name":"Search by Occupation","description":"Allows filtering patients by Occupation extension","exampleBoolean":false,"groupingId":"-dyn-searchparameter"},{"extension":[{"url":"http://hl7.org/fhir/tools/StructureDefinition/resource-sort","valueInteger":999999999},{"url":"http://hl7.org/fhir/StructureDefinition/implementationguide-page","valueUri":"SearchParameter-search-sha-id.html"}],"reference":{"reference":"SearchParameter/search-sha-id"},"name":"Search by SHA ID","description":"Allows filtering patients by SHA ID","exampleBoolean":false,"groupingId":"-dyn-searchparameter"},{"extension":[{"url":"http://hl7.org/fhir/tools/StructureDefinition/resource-sort","valueInteger":999999999},{"url":"http://hl7.org/fhir/StructureDefinition/implementationguide-page","valueUri":"SearchParameter-search-sub-county.html"}],"reference":{"reference":"SearchParameter/search-sub-county"},"name":"Search by Sub-County","description":"Filter patients by sub-county (address.district)","exampleBoolean":false,"groupingId":"-dyn-searchparameter"},{"extension":[{"url":"http://hl7.org/fhir/tools/StructureDefinition/resource-sort","valueInteger":999999999},{"url":"http://hl7.org/fhir/StructureDefinition/implementationguide-page","valueUri":"StructureDefinition-oncology-kenya-careplan.html"}],"reference":{"reference":"StructureDefinition/oncology-kenya-careplan"},"name":"Oncology Care Plan Kenya","description":"A structured CarePlan profile for oncology management in Kenya. Aligns with the Kenya National Cancer Control Strategy (2023–2027), Cancer Policy (2020–2030), KEMRI and County Cancer Registries. Supports multidisciplinary cancer care coordination, treatment protocols, and reporting using ICD-10 exclusively.","exampleBoolean":false,"groupingId":"-str-profile"},{"extension":[{"url":"http://hl7.org/fhir/tools/StructureDefinition/resource-sort","valueInteger":999999999},{"url":"http://hl7.org/fhir/StructureDefinition/implementationguide-page","valueUri":"StructureDefinition-oncology-diagnostic-report-kenya.html"}],"reference":{"reference":"StructureDefinition/oncology-diagnostic-report-kenya"},"name":"Oncology Diagnostic Report Kenya","description":"FHIR R4-based profile for diagnostic reports in oncology within the Kenyan healthcare context.\nSupports pathology, radiology, laboratory, and imaging reports aligned with:\n- Kenya National Cancer Control Strategy (2023–2027)\n- Kenya Cancer Policy (2020–2030)\n- KEMRI cancer registries\n- UHC and SHA reporting\n- National staging and reporting standards\n- County-based registry efforts (e.g., Nyandarua)","exampleBoolean":false,"groupingId":"-str-profile"},{"extension":[{"url":"http://hl7.org/fhir/tools/StructureDefinition/resource-sort","valueInteger":999999999},{"url":"http://hl7.org/fhir/StructureDefinition/implementationguide-page","valueUri":"StructureDefinition-oncology-kenya-encounter.html"}],"reference":{"reference":"StructureDefinition/oncology-kenya-encounter"},"name":"Oncology Encounter Kenya","description":"A profile for documenting oncology-related patient encounters in Kenya, aligned with the Kenya National Cancer Control Strategy (2023–2027), Kenya Cancer Policy (2020–2030), KEMRI registry data needs, and county-level cancer reporting workflows.\nSupports tracking of staging visits, diagnosis, treatment initiation, follow-ups, referrals, and palliative care within the Kenyan oncology ecosystem.","exampleBoolean":false,"groupingId":"-str-profile"},{"extension":[{"url":"http://hl7.org/fhir/tools/StructureDefinition/resource-sort","valueInteger":999999999},{"url":"http://hl7.org/fhir/StructureDefinition/implementationguide-page","valueUri":"StructureDefinition-oncology-kenya-claim.html"}],"reference":{"reference":"StructureDefinition/oncology-kenya-claim"},"name":"Oncology Kenya Claim","description":"A FHIR R4-based Claim profile tailored for cancer-related health financing in Kenya.\nSupports SHA (Social Health Authority) reimbursement workflows and aligns with:\n- Kenya National Cancer Control Strategy 2023–2027,\n- Kenya Cancer Policy 2020–2030,\n- KEMRI cancer reporting and financing infrastructure.","exampleBoolean":false,"groupingId":"-str-profile"},{"extension":[{"url":"http://hl7.org/fhir/tools/StructureDefinition/resource-sort","valueInteger":999999999},{"url":"http://hl7.org/fhir/StructureDefinition/implementationguide-page","valueUri":"StructureDefinition-oncology-kenya-condition.html"}],"reference":{"reference":"StructureDefinition/oncology-kenya-condition"},"name":"Oncology Kenya Condition","description":"A Condition profile for structured oncology diagnosis documentation in Kenya, aligned with national cancer registry reporting and HL7® FHIR® standards.","exampleBoolean":false,"groupingId":"-str-profile"},{"extension":[{"url":"http://hl7.org/fhir/tools/StructureDefinition/resource-sort","valueInteger":999999999},{"url":"http://hl7.org/fhir/StructureDefinition/implementationguide-page","valueUri":"StructureDefinition-oncology-kenya-coverage.html"}],"reference":{"reference":"StructureDefinition/oncology-kenya-coverage"},"name":"Oncology Kenya Coverage","description":"Defines insurance and reimbursement details under SHA in Kenya, ensuring financial tracking and integration with NCCP Data Systems.","exampleBoolean":false,"groupingId":"-str-profile"},{"extension":[{"url":"http://hl7.org/fhir/tools/StructureDefinition/resource-sort","valueInteger":999999999},{"url":"http://hl7.org/fhir/StructureDefinition/implementationguide-page","valueUri":"StructureDefinition-oncology-kenya-diagnosticreport.html"}],"reference":{"reference":"StructureDefinition/oncology-kenya-diagnosticreport"},"name":"Oncology Kenya Diagnostic Report","description":"Defines pathology and laboratory reports for oncology patients in Kenya, integrating with DHIS2 and cancer registries.","exampleBoolean":false,"groupingId":"-str-profile"},{"extension":[{"url":"http://hl7.org/fhir/tools/StructureDefinition/resource-sort","valueInteger":999999999},{"url":"http://hl7.org/fhir/StructureDefinition/implementationguide-page","valueUri":"StructureDefinition-oncology-kenya-location.html"}],"reference":{"reference":"StructureDefinition/oncology-kenya-location"},"name":"Oncology Kenya Location","description":"FHIR Location profile tailored for cancer care delivery points in Kenya.\nSupports capture of facilities relevant to cancer diagnosis, treatment, and palliative care,\naligned with national cancer control strategies and KEMRI cancer registry reporting.","exampleBoolean":false,"groupingId":"-str-profile"},{"extension":[{"url":"http://hl7.org/fhir/tools/StructureDefinition/resource-sort","valueInteger":999999999},{"url":"http://hl7.org/fhir/StructureDefinition/implementationguide-page","valueUri":"StructureDefinition-oncology-kenya-patient.html"}],"reference":{"reference":"StructureDefinition/oncology-kenya-patient"},"name":"Oncology Kenya Patient","description":"Customized patient profile for oncology care in Kenya. This profile is part of the Oncology Implementation Guide for Kenya (Oncology-IG-Kenya) — a draft version (0.1.0) dated 2025-06-18. It models key patient elements aligned with Kenya’s national cancer registry, SHA (Smart Health Authority), DHIS2, and local care workflows. This guide demonstrates how HL7® FHIR® can be applied to transform cancer care, from screening to palliative support. It is a proof-of-concept created independently by a Kenyan digital health enthusiast, with no official endorsement, to inspire innovation using open health standards and locally relevant data modeling.","exampleBoolean":false,"groupingId":"-str-profile"},{"extension":[{"url":"http://hl7.org/fhir/tools/StructureDefinition/resource-sort","valueInteger":999999999},{"url":"http://hl7.org/fhir/StructureDefinition/implementationguide-page","valueUri":"StructureDefinition-oncology-kenya-registry-report.html"}],"reference":{"reference":"StructureDefinition/oncology-kenya-registry-report"},"name":"Oncology Kenya Registry Report","description":"Defines structured cancer registry reporting format for Kenya, integrating with KEMRI Cancer Registry, Nairobi Cancer Registry, and DHIS2.","exampleBoolean":false,"groupingId":"-str-profile"},{"extension":[{"url":"http://hl7.org/fhir/tools/StructureDefinition/resource-sort","valueInteger":999999999},{"url":"http://hl7.org/fhir/StructureDefinition/implementationguide-page","valueUri":"StructureDefinition-oncology-kenya-supplyrequest.html"}],"reference":{"reference":"StructureDefinition/oncology-kenya-supplyrequest"},"name":"Oncology Kenya Supply Request","description":"A FHIR R4-based SupplyRequest profile for cancer-specific medical supplies in Kenya.\nSupports drug procurement, diagnostic supply needs, and inventory tracking aligned with\nKenya’s National Cancer Control Strategy (2023–2027), Kenya Cancer Policy (2020–2030), \nand practical needs of facilities reporting to the KEMRI registry and SHA ecosystem.","exampleBoolean":false,"groupingId":"-str-profile"},{"extension":[{"url":"http://hl7.org/fhir/tools/StructureDefinition/resource-sort","valueInteger":999999999},{"url":"http://hl7.org/fhir/StructureDefinition/implementationguide-page","valueUri":"StructureDefinition-oncology-kenya-medicationrequest.html"}],"reference":{"reference":"StructureDefinition/oncology-kenya-medicationrequest"},"name":"Oncology Medication Request Kenya","description":"A profile for prescribing cancer-related medications in Kenya. Aligned with the Kenya National Cancer Control Strategy (2023–2027), Cancer Policy (2020–2030), and reporting needs of KEMRI and county cancer registries. Supports chemotherapy, palliative care, and anti-cancer drugs with ICD-10 and Kenya EMR terminology support.","exampleBoolean":false,"groupingId":"-str-profile"},{"extension":[{"url":"http://hl7.org/fhir/tools/StructureDefinition/resource-sort","valueInteger":999999999},{"url":"http://hl7.org/fhir/StructureDefinition/implementationguide-page","valueUri":"StructureDefinition-oncology-observation-kenya.html"}],"reference":{"reference":"StructureDefinition/oncology-observation-kenya"},"name":"Oncology Observation Kenya","description":"Observation profile for cancer-related data elements in Kenya's oncology care, supporting reporting, staging, diagnosis, and national registry alignment.","exampleBoolean":false,"groupingId":"-str-profile"},{"extension":[{"url":"http://hl7.org/fhir/tools/StructureDefinition/resource-sort","valueInteger":999999999},{"url":"http://hl7.org/fhir/StructureDefinition/implementationguide-page","valueUri":"StructureDefinition-oncology-kenya-practitioner.html"}],"reference":{"reference":"StructureDefinition/oncology-kenya-practitioner"},"name":"Oncology Practitioner Kenya","description":"FHIR R4 profile for practitioners involved in oncology care in Kenya.\nAligns with Kenya National Cancer Control Strategy (2023–2027), Kenya Cancer Policy (2020–2030),\nKEMRI Cancer Registry guidelines, and workforce tracking as emphasized in the KESHO and Nyandarua registry reports.\nSupports credentialing, role classification, and regional deployment for cancer care delivery.","exampleBoolean":false,"groupingId":"-str-profile"},{"extension":[{"url":"http://hl7.org/fhir/tools/StructureDefinition/resource-sort","valueInteger":999999999},{"url":"http://hl7.org/fhir/StructureDefinition/implementationguide-page","valueUri":"StructureDefinition-oncology-kenya-practitioner-role.html"}],"reference":{"reference":"StructureDefinition/oncology-kenya-practitioner-role"},"name":"Oncology Practitioner Role Kenya","description":"FHIR R4 profile for defining roles of healthcare professionals involved in oncology services in Kenya.\nSupports assignment of oncology roles, facility affiliations, cancer services scope, and geographic deployment.\nBased on Kenya Cancer Policy (2020–2030), National Cancer Control Strategy (2023–2027),\nKEMRI cancer registry requirements, and KESHO conference findings.","exampleBoolean":false,"groupingId":"-str-profile"},{"extension":[{"url":"http://hl7.org/fhir/tools/StructureDefinition/resource-sort","valueInteger":999999999},{"url":"http://hl7.org/fhir/StructureDefinition/implementationguide-page","valueUri":"StructureDefinition-oncology-kenya-procedure.html"}],"reference":{"reference":"StructureDefinition/oncology-kenya-procedure"},"name":"Oncology Procedure Kenya","description":"Procedure profile tailored for oncology use in Kenya, supporting documentation of diagnostic, surgical, medical, radiotherapy, and palliative interventions. Aligned with Kenya National Cancer Control Strategy (2023–2027), Cancer Policy (2020–2030), KEMRI registry practices, and county-level reporting, using ICD-10 as the sole terminology for reporting procedures and conditions.","exampleBoolean":false,"groupingId":"-str-profile"},{"extension":[{"url":"http://hl7.org/fhir/tools/StructureDefinition/resource-sort","valueInteger":999999999},{"url":"http://hl7.org/fhir/StructureDefinition/implementationguide-page","valueUri":"StructureDefinition-oncology-kenya-questionnaireresponse.html"}],"reference":{"reference":"StructureDefinition/oncology-kenya-questionnaireresponse"},"name":"Oncology Questionnaire Response Kenya","description":"Structured response to oncology-related questionnaires used in Kenyan cancer screening, diagnosis, treatment, palliative care, and national registry reporting workflows. Aligns with Kenya's National Cancer Control Strategy (2023–2027), Cancer Policy (2020–2030), KEMRI data elements, and county registry efforts.","exampleBoolean":false,"groupingId":"-str-profile"},{"extension":[{"url":"http://hl7.org/fhir/tools/StructureDefinition/resource-sort","valueInteger":999999999},{"url":"http://hl7.org/fhir/StructureDefinition/implementationguide-page","valueUri":"StructureDefinition-oncology-kenya-service-request.html"}],"reference":{"reference":"StructureDefinition/oncology-kenya-service-request"},"name":"Oncology Service Request Kenya","description":"A specialized ServiceRequest profile for oncology-related referrals, diagnostics, and procedures in Kenya. Informed by the Kenya National Cancer Control Strategy (2023–2027), Kenya Cancer Policy (2020–2030), and data practices from KEMRI and county cancer registries.\nSupports service ordering for biopsies, imaging, oncology specialist reviews, palliative care referrals, and tracking within a multidisciplinary care model.","exampleBoolean":false,"groupingId":"-str-profile"},{"extension":[{"url":"http://hl7.org/fhir/tools/StructureDefinition/resource-sort","valueInteger":999999999},{"url":"http://hl7.org/fhir/StructureDefinition/implementationguide-page","valueUri":"StructureDefinition-report-cancer-stage.html"}],"reference":{"reference":"StructureDefinition/report-cancer-stage"},"name":"Cancer Stage Summary (e.g., TNM or Ann Arbor)","exampleBoolean":false,"groupingId":"-str-extension"},{"extension":[{"url":"http://hl7.org/fhir/tools/StructureDefinition/resource-sort","valueInteger":999999999},{"url":"http://hl7.org/fhir/StructureDefinition/implementationguide-page","valueUri":"StructureDefinition-procedure-cancer-stage.html"}],"reference":{"reference":"StructureDefinition/procedure-cancer-stage"},"name":"Cancer Stage at Time of Procedure","exampleBoolean":false,"groupingId":"-str-extension"},{"extension":[{"url":"http://hl7.org/fhir/tools/StructureDefinition/resource-sort","valueInteger":999999999},{"url":"http://hl7.org/fhir/StructureDefinition/implementationguide-page","valueUri":"StructureDefinition-careplan-context-county.html"}],"reference":{"reference":"StructureDefinition/careplan-context-county"},"name":"County Where Care Plan is Managed","exampleBoolean":false,"groupingId":"-str-extension"},{"extension":[{"url":"http://hl7.org/fhir/tools/StructureDefinition/resource-sort","valueInteger":999999999},{"url":"http://hl7.org/fhir/StructureDefinition/implementationguide-page","valueUri":"StructureDefinition-encounter-context-county.html"}],"reference":{"reference":"StructureDefinition/encounter-context-county"},"name":"County Where Encounter Took Place","exampleBoolean":false,"groupingId":"-str-extension"},{"extension":[{"url":"http://hl7.org/fhir/tools/StructureDefinition/resource-sort","valueInteger":999999999},{"url":"http://hl7.org/fhir/StructureDefinition/implementationguide-page","valueUri":"StructureDefinition-medicationrequest-prescribed-county.html"}],"reference":{"reference":"StructureDefinition/medicationrequest-prescribed-county"},"name":"County Where Medication Was Prescribed","exampleBoolean":false,"groupingId":"-str-extension"},{"extension":[{"url":"http://hl7.org/fhir/tools/StructureDefinition/resource-sort","valueInteger":999999999},{"url":"http://hl7.org/fhir/StructureDefinition/implementationguide-page","valueUri":"StructureDefinition-practitioner-work-county.html"}],"reference":{"reference":"StructureDefinition/practitioner-work-county"},"name":"County Where Oncology Practitioner is Based","exampleBoolean":false,"groupingId":"-str-extension"},{"extension":[{"url":"http://hl7.org/fhir/tools/StructureDefinition/resource-sort","valueInteger":999999999},{"url":"http://hl7.org/fhir/StructureDefinition/implementationguide-page","valueUri":"StructureDefinition-procedure-context-county.html"}],"reference":{"reference":"StructureDefinition/procedure-context-county"},"name":"County Where Procedure Was Performed","exampleBoolean":false,"groupingId":"-str-extension"},{"extension":[{"url":"http://hl7.org/fhir/tools/StructureDefinition/resource-sort","valueInteger":999999999},{"url":"http://hl7.org/fhir/StructureDefinition/implementationguide-page","valueUri":"StructureDefinition-questionnaire-context-county.html"}],"reference":{"reference":"StructureDefinition/questionnaire-context-county"},"name":"County Where Questionnaire Response Occurred","exampleBoolean":false,"groupingId":"-str-extension"},{"extension":[{"url":"http://hl7.org/fhir/tools/StructureDefinition/resource-sort","valueInteger":999999999},{"url":"http://hl7.org/fhir/StructureDefinition/implementationguide-page","valueUri":"StructureDefinition-service-request-context-county.html"}],"reference":{"reference":"StructureDefinition/service-request-context-county"},"name":"County Where Request Originated","exampleBoolean":false,"groupingId":"-str-extension"},{"extension":[{"url":"http://hl7.org/fhir/tools/StructureDefinition/resource-sort","valueInteger":999999999},{"url":"http://hl7.org/fhir/StructureDefinition/implementationguide-page","valueUri":"StructureDefinition-report-specimen-origin-county.html"}],"reference":{"reference":"StructureDefinition/report-specimen-origin-county"},"name":"County Where Specimen Was Collected","exampleBoolean":false,"groupingId":"-str-extension"},{"extension":[{"url":"http://hl7.org/fhir/tools/StructureDefinition/resource-sort","valueInteger":999999999},{"url":"http://hl7.org/fhir/StructureDefinition/implementationguide-page","valueUri":"StructureDefinition-practitioner-role-county.html"}],"reference":{"reference":"StructureDefinition/practitioner-role-county"},"name":"County of Oncology Service","exampleBoolean":false,"groupingId":"-str-extension"},{"extension":[{"url":"http://hl7.org/fhir/tools/StructureDefinition/resource-sort","valueInteger":999999999},{"url":"http://hl7.org/fhir/StructureDefinition/implementationguide-page","valueUri":"StructureDefinition-ecogPerformanceStatus.html"}],"reference":{"reference":"StructureDefinition/ecogPerformanceStatus"},"name":"ECOG Performance Status","description":"Eastern Cooperative Oncology Group (ECOG) performance status.","exampleBoolean":false,"groupingId":"-str-extension"},{"extension":[{"url":"http://hl7.org/fhir/tools/StructureDefinition/resource-sort","valueInteger":999999999},{"url":"http://hl7.org/fhir/StructureDefinition/implementationguide-page","valueUri":"StructureDefinition-careplan-registry-flag.html"}],"reference":{"reference":"StructureDefinition/careplan-registry-flag"},"name":"Flag for National Cancer Registry Reporting","exampleBoolean":false,"groupingId":"-str-extension"},{"extension":[{"url":"http://hl7.org/fhir/tools/StructureDefinition/resource-sort","valueInteger":999999999},{"url":"http://hl7.org/fhir/StructureDefinition/implementationguide-page","valueUri":"StructureDefinition-encounter-registry-flag.html"}],"reference":{"reference":"StructureDefinition/encounter-registry-flag"},"name":"Flag for National Cancer Registry Reporting","exampleBoolean":false,"groupingId":"-str-extension"},{"extension":[{"url":"http://hl7.org/fhir/tools/StructureDefinition/resource-sort","valueInteger":999999999},{"url":"http://hl7.org/fhir/StructureDefinition/implementationguide-page","valueUri":"StructureDefinition-questionnaire-registry-flag.html"}],"reference":{"reference":"StructureDefinition/questionnaire-registry-flag"},"name":"Flag for National Cancer Registry Reporting","exampleBoolean":false,"groupingId":"-str-extension"},{"extension":[{"url":"http://hl7.org/fhir/tools/StructureDefinition/resource-sort","valueInteger":999999999},{"url":"http://hl7.org/fhir/StructureDefinition/implementationguide-page","valueUri":"StructureDefinition-service-request-registry-flag.html"}],"reference":{"reference":"StructureDefinition/service-request-registry-flag"},"name":"Flag for National Cancer Registry Reporting","exampleBoolean":false,"groupingId":"-str-extension"},{"extension":[{"url":"http://hl7.org/fhir/tools/StructureDefinition/resource-sort","valueInteger":999999999},{"url":"http://hl7.org/fhir/StructureDefinition/implementationguide-page","valueUri":"StructureDefinition-procedure-registry-report-flag.html"}],"reference":{"reference":"StructureDefinition/procedure-registry-report-flag"},"name":"Flag for National Registry Reporting","exampleBoolean":false,"groupingId":"-str-extension"},{"extension":[{"url":"http://hl7.org/fhir/tools/StructureDefinition/resource-sort","valueInteger":999999999},{"url":"http://hl7.org/fhir/StructureDefinition/implementationguide-page","valueUri":"StructureDefinition-medicationrequest-registry-flag.html"}],"reference":{"reference":"StructureDefinition/medicationrequest-registry-flag"},"name":"Flag for Reporting Medication Request to National Registry","exampleBoolean":false,"groupingId":"-str-extension"},{"extension":[{"url":"http://hl7.org/fhir/tools/StructureDefinition/resource-sort","valueInteger":999999999},{"url":"http://hl7.org/fhir/StructureDefinition/implementationguide-page","valueUri":"StructureDefinition-oncology-service-focus.html"}],"reference":{"reference":"StructureDefinition/oncology-service-focus"},"name":"Focus Area of Oncology Service","exampleBoolean":false,"groupingId":"-str-extension"},{"extension":[{"url":"http://hl7.org/fhir/tools/StructureDefinition/resource-sort","valueInteger":999999999},{"url":"http://hl7.org/fhir/StructureDefinition/implementationguide-page","valueUri":"StructureDefinition-Icdo3Morphology.html"}],"reference":{"reference":"StructureDefinition/Icdo3Morphology"},"name":"ICD-O-3 Morphology","description":"Morphology code from ICD-O-3 to describe the tumor histology.","exampleBoolean":false,"groupingId":"-str-extension"},{"extension":[{"url":"http://hl7.org/fhir/tools/StructureDefinition/resource-sort","valueInteger":999999999},{"url":"http://hl7.org/fhir/StructureDefinition/implementationguide-page","valueUri":"StructureDefinition-icdo3-topography.html"}],"reference":{"reference":"StructureDefinition/icdo3-topography"},"name":"ICD-O-3 Topography Code","description":"ICD-O-3 topography code to describe the primary site of the tumor.","exampleBoolean":false,"groupingId":"-str-extension"},{"extension":[{"url":"http://hl7.org/fhir/tools/StructureDefinition/resource-sort","valueInteger":999999999},{"url":"http://hl7.org/fhir/StructureDefinition/implementationguide-page","valueUri":"StructureDefinition-practitioner-cadre-code.html"}],"reference":{"reference":"StructureDefinition/practitioner-cadre-code"},"name":"Oncology Cadre Classification","exampleBoolean":false,"groupingId":"-str-extension"},{"extension":[{"url":"http://hl7.org/fhir/tools/StructureDefinition/resource-sort","valueInteger":999999999},{"url":"http://hl7.org/fhir/StructureDefinition/implementationguide-page","valueUri":"StructureDefinition-patient-educationLevel.html"}],"reference":{"reference":"StructureDefinition/patient-educationLevel"},"name":"Patient Education Level","description":"Captures the highest level of formal education attained by a patient in Kenya. Supports cancer registry reporting, care planning, and socioeconomic assessment.","exampleBoolean":false,"groupingId":"-str-extension"},{"extension":[{"url":"http://hl7.org/fhir/tools/StructureDefinition/resource-sort","valueInteger":999999999},{"url":"http://hl7.org/fhir/StructureDefinition/implementationguide-page","valueUri":"StructureDefinition-patient-occupation.html"}],"reference":{"reference":"StructureDefinition/patient-occupation"},"name":"Patient Occupation","description":"The current or most recent occupation of the patient.","exampleBoolean":false,"groupingId":"-str-extension"},{"extension":[{"url":"http://hl7.org/fhir/tools/StructureDefinition/resource-sort","valueInteger":999999999},{"url":"http://hl7.org/fhir/StructureDefinition/implementationguide-page","valueUri":"StructureDefinition-careplan-referral-source.html"}],"reference":{"reference":"StructureDefinition/careplan-referral-source"},"name":"Referral Source for Oncology Care Plan","exampleBoolean":false,"groupingId":"-str-extension"},{"extension":[{"url":"http://hl7.org/fhir/tools/StructureDefinition/resource-sort","valueInteger":999999999},{"url":"http://hl7.org/fhir/StructureDefinition/implementationguide-page","valueUri":"StructureDefinition-encounter-referral-source.html"}],"reference":{"reference":"StructureDefinition/encounter-referral-source"},"name":"Referral Source for Oncology Encounter","exampleBoolean":false,"groupingId":"-str-extension"},{"extension":[{"url":"http://hl7.org/fhir/tools/StructureDefinition/resource-sort","valueInteger":999999999},{"url":"http://hl7.org/fhir/StructureDefinition/implementationguide-page","valueUri":"StructureDefinition-questionnaire-referral-source.html"}],"reference":{"reference":"StructureDefinition/questionnaire-referral-source"},"name":"Referral Source for Oncology Questionnaire","exampleBoolean":false,"groupingId":"-str-extension"},{"extension":[{"url":"http://hl7.org/fhir/tools/StructureDefinition/resource-sort","valueInteger":999999999},{"url":"http://hl7.org/fhir/StructureDefinition/implementationguide-page","valueUri":"StructureDefinition-procedure-referral-source.html"}],"reference":{"reference":"StructureDefinition/procedure-referral-source"},"name":"Referral Source for Procedure","exampleBoolean":false,"groupingId":"-str-extension"},{"extension":[{"url":"http://hl7.org/fhir/tools/StructureDefinition/resource-sort","valueInteger":999999999},{"url":"http://hl7.org/fhir/StructureDefinition/implementationguide-page","valueUri":"StructureDefinition-service-request-referral-type.html"}],"reference":{"reference":"StructureDefinition/service-request-referral-type"},"name":"Referral Type (Internal or External)","exampleBoolean":false,"groupingId":"-str-extension"},{"extension":[{"url":"http://hl7.org/fhir/tools/StructureDefinition/resource-sort","valueInteger":999999999},{"url":"http://hl7.org/fhir/StructureDefinition/implementationguide-page","valueUri":"StructureDefinition-RegistryReporting.html"}],"reference":{"reference":"StructureDefinition/RegistryReporting"},"name":"Registry Reporting","description":"Flag to indicate observation should be reported to the cancer registry.","exampleBoolean":false,"groupingId":"-str-extension"},{"extension":[{"url":"http://hl7.org/fhir/tools/StructureDefinition/resource-sort","valueInteger":999999999},{"url":"http://hl7.org/fhir/StructureDefinition/implementationguide-page","valueUri":"StructureDefinition-report-registry-flag.html"}],"reference":{"reference":"StructureDefinition/report-registry-flag"},"name":"Send Report to National Cancer Registry","exampleBoolean":false,"groupingId":"-str-extension"},{"extension":[{"url":"http://hl7.org/fhir/tools/StructureDefinition/resource-sort","valueInteger":999999999},{"url":"http://hl7.org/fhir/StructureDefinition/implementationguide-page","valueUri":"ValueSet-cancer-observation-method-vs.html"}],"reference":{"reference":"ValueSet/cancer-observation-method-vs"},"name":"Cancer Observation Method ValueSet","description":"Methods used to derive cancer observations such as histopathology, imaging, immunohistochemistry.","exampleBoolean":false,"groupingId":"-term-valueset"},{"extension":[{"url":"http://hl7.org/fhir/tools/StructureDefinition/resource-sort","valueInteger":999999999},{"url":"http://hl7.org/fhir/StructureDefinition/implementationguide-page","valueUri":"ValueSet-cancer-stage.html"}],"reference":{"reference":"ValueSet/cancer-stage"},"name":"Cancer Stage ValueSet","description":"ValueSet for cancer stages commonly used in Kenya, e.g., Stage I–IV or TNM classifications.","exampleBoolean":false,"groupingId":"-term-valueset"},{"extension":[{"url":"http://hl7.org/fhir/tools/StructureDefinition/resource-sort","valueInteger":999999999},{"url":"http://hl7.org/fhir/StructureDefinition/implementationguide-page","valueUri":"ValueSet-ecog-performance-status.html"}],"reference":{"reference":"ValueSet/ecog-performance-status"},"name":"ECOG Performance Status","description":"Standard ECOG performance status codes used to assess patient functional status.","exampleBoolean":false,"groupingId":"-term-valueset"},{"extension":[{"url":"http://hl7.org/fhir/tools/StructureDefinition/resource-sort","valueInteger":999999999},{"url":"http://hl7.org/fhir/StructureDefinition/implementationguide-page","valueUri":"ValueSet-ecog-status-vs.html"}],"reference":{"reference":"ValueSet/ecog-status-vs"},"name":"ECOG Performance Status","description":"Eastern Cooperative Oncology Group (ECOG) Performance Status codes.","exampleBoolean":false,"groupingId":"-term-valueset"},{"extension":[{"url":"http://hl7.org/fhir/tools/StructureDefinition/resource-sort","valueInteger":999999999},{"url":"http://hl7.org/fhir/StructureDefinition/implementationguide-page","valueUri":"ValueSet-cancer-icd10.html"}],"reference":{"reference":"ValueSet/cancer-icd10"},"name":"Top Common Cancers in Kenya - ICD-10","description":"ICD-10 codes for the most common cancers in Kenya as per national strategy.","exampleBoolean":false,"groupingId":"-term-valueset"},{"extension":[{"url":"http://hl7.org/fhir/tools/StructureDefinition/resource-sort","valueInteger":999999999},{"url":"http://hl7.org/fhir/StructureDefinition/implementationguide-page","valueUri":"ValueSet-tumor-markers.html"}],"reference":{"reference":"ValueSet/tumor-markers"},"name":"Tumor Marker ValueSet","description":"Tumor markers used in Kenyan oncology diagnostics.","exampleBoolean":false,"groupingId":"-term-valueset"},{"extension":[{"url":"http://hl7.org/fhir/tools/StructureDefinition/resource-sort","valueInteger":999999999},{"url":"http://hl7.org/fhir/StructureDefinition/implementationguide-page","valueUri":"CodeSystem-tumor-markers.html"}],"reference":{"reference":"CodeSystem/tumor-markers"},"name":"Tumor Markers","description":"Tumor markers commonly used in oncology diagnostics and monitoring in Kenya.","exampleBoolean":false,"groupingId":"-term-codesystem"},{"extension":[{"url":"http://hl7.org/fhir/tools/StructureDefinition/resource-sort","valueInteger":999999999},{"url":"http://hl7.org/fhir/StructureDefinition/implementationguide-page","valueUri":"Condition-breast-cancer-condition.html"}],"reference":{"reference":"Condition/breast-cancer-condition"},"name":"Breast Cancer Condition","description":"Confirmed malignant neoplasm of upper-inner quadrant of breast","exampleBoolean":true,"groupingId":"-ex-example"},{"extension":[{"url":"http://hl7.org/fhir/tools/StructureDefinition/resource-sort","valueInteger":999999999},{"url":"http://hl7.org/fhir/StructureDefinition/implementationguide-page","valueUri":"QuestionnaireResponse-example-oncology-questionnaireresponse.html"}],"reference":{"reference":"QuestionnaireResponse/example-oncology-questionnaireresponse"},"name":"Breast Cancer Screening Questionnaire Response","description":"Completed breast cancer screening response from a community health volunteer in Kisumu","exampleCanonical":"http://example.org/StructureDefinition/oncology-kenya-questionnaireresponse","groupingId":"-ex-example"},{"extension":[{"url":"http://hl7.org/fhir/tools/StructureDefinition/resource-sort","valueInteger":999999999},{"url":"http://hl7.org/fhir/StructureDefinition/implementationguide-page","valueUri":"CarePlan-example-oncology-careplan.html"}],"reference":{"reference":"CarePlan/example-oncology-careplan"},"name":"Breast Cancer Treatment Plan - Uasin Gishu","description":"Multimodal care plan for a 45-year-old female with Stage II breast cancer","exampleCanonical":"http://example.org/StructureDefinition/oncology-kenya-careplan","groupingId":"-ex-example"},{"extension":[{"url":"http://hl7.org/fhir/tools/StructureDefinition/resource-sort","valueInteger":999999999},{"url":"http://hl7.org/fhir/StructureDefinition/implementationguide-page","valueUri":"Practitioner-example-oncology-practitioner.html"}],"reference":{"reference":"Practitioner/example-oncology-practitioner"},"name":"Dr. Grace Wanjiku – Consultant Oncologist","description":"Example oncology practitioner in Nairobi, Kenya","exampleCanonical":"http://example.org/StructureDefinition/oncology-kenya-practitioner","groupingId":"-ex-example"},{"extension":[{"url":"http://hl7.org/fhir/tools/StructureDefinition/resource-sort","valueInteger":999999999},{"url":"http://hl7.org/fhir/StructureDefinition/implementationguide-page","valueUri":"SupplyRequest-example-biopsy-needle-supply-request.html"}],"reference":{"reference":"SupplyRequest/example-biopsy-needle-supply-request"},"name":"Example Biopsy Needle Supply Request","description":"Urgent request for 15 biopsy needles for diagnostic services at KNH Oncology Centre","exampleCanonical":"http://example.org/StructureDefinition/oncology-kenya-supplyrequest","groupingId":"-ex-example"},{"extension":[{"url":"http://hl7.org/fhir/tools/StructureDefinition/resource-sort","valueInteger":999999999},{"url":"http://hl7.org/fhir/StructureDefinition/implementationguide-page","valueUri":"SupplyRequest-example-chemotherapy-supply-request.html"}],"reference":{"reference":"SupplyRequest/example-chemotherapy-supply-request"},"name":"Example Chemotherapy Drug Supply Request","description":"Request for 30 vials of Paclitaxel for breast cancer treatment at Nyandarua County Hospital","exampleCanonical":"http://example.org/StructureDefinition/oncology-kenya-supplyrequest","groupingId":"-ex-example"},{"extension":[{"url":"http://hl7.org/fhir/tools/StructureDefinition/resource-sort","valueInteger":999999999},{"url":"http://hl7.org/fhir/StructureDefinition/implementationguide-page","valueUri":"Claim-example-oncology-claim-nyandarua.html"}],"reference":{"reference":"Claim/example-oncology-claim-nyandarua"},"name":"Example Oncology Claim - Nyandarua","description":"Claim for chemotherapy session reimbursement submitted to SHA by Nyandarua County Hospital","exampleCanonical":"http://example.org/StructureDefinition/oncology-kenya-claim","groupingId":"-ex-example"},{"extension":[{"url":"http://hl7.org/fhir/tools/StructureDefinition/resource-sort","valueInteger":999999999},{"url":"http://hl7.org/fhir/StructureDefinition/implementationguide-page","valueUri":"MedicationRequest-example-oncology-medicationrequest.html"}],"reference":{"reference":"MedicationRequest/example-oncology-medicationrequest"},"name":"Example Oncology Medication Request","description":"Chemotherapy prescription for a 45-year-old breast cancer patient in Nyandarua","exampleCanonical":"http://example.org/StructureDefinition/oncology-kenya-medicationrequest","groupingId":"-ex-example"},{"extension":[{"url":"http://hl7.org/fhir/tools/StructureDefinition/resource-sort","valueInteger":999999999},{"url":"http://hl7.org/fhir/StructureDefinition/implementationguide-page","valueUri":"Encounter-example-oncology-encounter.html"}],"reference":{"reference":"Encounter/example-oncology-encounter"},"name":"Initial Oncology Assessment - Nyandarua County","description":"First oncology clinic visit for staging and treatment planning","exampleCanonical":"http://example.org/StructureDefinition/oncology-kenya-encounter","groupingId":"-ex-example"},{"extension":[{"url":"http://hl7.org/fhir/tools/StructureDefinition/resource-sort","valueInteger":999999999},{"url":"http://hl7.org/fhir/StructureDefinition/implementationguide-page","valueUri":"Location-example-kenyatta-national-hospital-oncology.html"}],"reference":{"reference":"Location/example-kenyatta-national-hospital-oncology"},"name":"KNH National Cancer Centre","description":"Kenyatta National Hospital's Oncology Centre, providing national-level cancer diagnosis and specialized care.","exampleCanonical":"http://example.org/StructureDefinition/oncology-kenya-location","groupingId":"-ex-example"},{"extension":[{"url":"http://hl7.org/fhir/tools/StructureDefinition/resource-sort","valueInteger":999999999},{"url":"http://hl7.org/fhir/StructureDefinition/implementationguide-page","valueUri":"Location-example-nyandarua-cancer-center.html"}],"reference":{"reference":"Location/example-nyandarua-cancer-center"},"name":"Nyandarua County Cancer Treatment Centre","description":"A representative oncology center supporting diagnosis, treatment and follow-up for Nyandarua County, aligned with the National Cancer Registry.","exampleCanonical":"http://example.org/StructureDefinition/oncology-kenya-location","groupingId":"-ex-example"},{"extension":[{"url":"http://hl7.org/fhir/tools/StructureDefinition/resource-sort","valueInteger":999999999},{"url":"http://hl7.org/fhir/StructureDefinition/implementationguide-page","valueUri":"PractitionerRole-example-oncology-practitioner-role.html"}],"reference":{"reference":"PractitionerRole/example-oncology-practitioner-role"},"name":"Oncologist Role at KNH","description":"Dr. Grace Wanjiku’s role as Consultant Oncologist at Kenyatta National Hospital","exampleCanonical":"http://example.org/StructureDefinition/oncology-kenya-practitioner-role","groupingId":"-ex-example"},{"extension":[{"url":"http://hl7.org/fhir/tools/StructureDefinition/resource-sort","valueInteger":999999999},{"url":"http://hl7.org/fhir/StructureDefinition/implementationguide-page","valueUri":"DiagnosticReport-example-oncology-diagnostic-report.html"}],"reference":{"reference":"DiagnosticReport/example-oncology-diagnostic-report"},"name":"Oncology Diagnostic Report - Biopsy for Cervical Cancer","description":"Pathology report for cervical biopsy indicating squamous cell carcinoma","exampleCanonical":"http://example.org/StructureDefinition/oncology-diagnostic-report-kenya","groupingId":"-ex-example"},{"extension":[{"url":"http://hl7.org/fhir/tools/StructureDefinition/resource-sort","valueInteger":999999999},{"url":"http://hl7.org/fhir/StructureDefinition/implementationguide-page","valueUri":"ServiceRequest-example-oncology-service-request.html"}],"reference":{"reference":"ServiceRequest/example-oncology-service-request"},"name":"Referral for Breast Ultrasound - Kiambu County","description":"Service request for breast ultrasound to evaluate palpable lump in patient","exampleCanonical":"http://example.org/StructureDefinition/oncology-kenya-service-request","groupingId":"-ex-example"},{"extension":[{"url":"http://hl7.org/fhir/tools/StructureDefinition/resource-sort","valueInteger":999999999},{"url":"http://hl7.org/fhir/StructureDefinition/implementationguide-page","valueUri":"Procedure-example-surgical-biopsy.html"}],"reference":{"reference":"Procedure/example-surgical-biopsy"},"name":"Surgical Biopsy at Moi Teaching and Referral Hospital","description":"Surgical biopsy performed for suspected breast cancer","exampleCanonical":"http://example.org/StructureDefinition/oncology-kenya-procedure","groupingId":"-ex-example"},{"extension":[{"url":"http://hl7.org/fhir/tools/StructureDefinition/resource-sort","valueInteger":999999999},{"url":"http://hl7.org/fhir/StructureDefinition/implementationguide-page","valueUri":"Goal-tumor-reduction-goal.html"}],"reference":{"reference":"Goal/tumor-reduction-goal"},"name":"Tumor Reduction Goal","description":"Reduce tumor size prior to surgery","exampleBoolean":true,"groupingId":"-ex-example"},{"extension":[{"url":"http://hl7.org/fhir/tools/StructureDefinition/resource-sort","valueInteger":999999999},{"url":"http://hl7.org/fhir/StructureDefinition/implementationguide-page","valueUri":"index.html"}],"reference":{"reference":"ImplementationGuide/medby-ig"},"name":"Oncology Implementation Guide for Kenya (Oncology-IG-Kenya)","description":"This Implementation Guide demonstrates how HL7® FHIR® can be leveraged to enhance oncology care in Kenya. It includes standardized profiles such as OncologyKenyaPatient and OncologyObservationKenya, tailored search parameters, and extensions reflecting Kenya's SHA and health system realities.\n\nIt is developed independently by a Kenyan health tech enthusiast to stimulate innovation, interoperability, and alignment with national cancer priorities.","exampleBoolean":false,"groupingId":"-other"}],"page":{"extension":[{"url":"http://hl7.org/fhir/tools/StructureDefinition/ig-page-name","valueUrl":"toc.html"}],"nameUrl":"toc.html","title":"Table of Contents","generation":"html","page":[{"extension":[{"url":"http://hl7.org/fhir/tools/StructureDefinition/ig-page-name","valueUrl":"index.html"}],"nameUrl":"index.html","title":"Home","generation":"markdown"},{"extension":[{"url":"http://hl7.org/fhir/tools/StructureDefinition/ig-page-name","valueUrl":"artifacts.html"}],"nameUrl":"artifacts.html","title":"Artifacts Summary","generation":"html","page":[{"extension":[{"url":"http://hl7.org/fhir/tools/StructureDefinition/ig-page-name","valueUrl":"CapabilityStatement-OncologyKenyaCapabilityStatement.html"}],"nameUrl":"CapabilityStatement-OncologyKenyaCapabilityStatement.html","title":"Oncology Kenya FHIR Server Capability Statement","generation":"generated"},{"extension":[{"url":"http://hl7.org/fhir/tools/StructureDefinition/ig-page-name","valueUrl":"SearchParameter-search-cancer-stage.html"}],"nameUrl":"SearchParameter-search-cancer-stage.html","title":"Search by Cancer Stage","generation":"generated"},{"extension":[{"url":"http://hl7.org/fhir/tools/StructureDefinition/ig-page-name","valueUrl":"SearchParameter-search-cancer-type.html"}],"nameUrl":"SearchParameter-search-cancer-type.html","title":"Search by Cancer Type","generation":"generated"},{"extension":[{"url":"http://hl7.org/fhir/tools/StructureDefinition/ig-page-name","valueUrl":"SearchParameter-search-county.html"}],"nameUrl":"SearchParameter-search-county.html","title":"Search by County","generation":"generated"},{"extension":[{"url":"http://hl7.org/fhir/tools/StructureDefinition/ig-page-name","valueUrl":"SearchParameter-search-birthdate.html"}],"nameUrl":"SearchParameter-search-birthdate.html","title":"Search by Date of Birth","generation":"generated"},{"extension":[{"url":"http://hl7.org/fhir/tools/StructureDefinition/ig-page-name","valueUrl":"SearchParameter-search-education-level.html"}],"nameUrl":"SearchParameter-search-education-level.html","title":"Search by Education Level","generation":"generated"},{"extension":[{"url":"http://hl7.org/fhir/tools/StructureDefinition/ig-page-name","valueUrl":"SearchParameter-search-facility-upi.html"}],"nameUrl":"SearchParameter-search-facility-upi.html","title":"Search by Facility UPI","generation":"generated"},{"extension":[{"url":"http://hl7.org/fhir/tools/StructureDefinition/ig-page-name","valueUrl":"SearchParameter-search-gender.html"}],"nameUrl":"SearchParameter-search-gender.html","title":"Search by Gender","generation":"generated"},{"extension":[{"url":"http://hl7.org/fhir/tools/StructureDefinition/ig-page-name","valueUrl":"SearchParameter-search-national-id.html"}],"nameUrl":"SearchParameter-search-national-id.html","title":"Search by National ID","generation":"generated"},{"extension":[{"url":"http://hl7.org/fhir/tools/StructureDefinition/ig-page-name","valueUrl":"SearchParameter-search-occupation.html"}],"nameUrl":"SearchParameter-search-occupation.html","title":"Search by Occupation","generation":"generated"},{"extension":[{"url":"http://hl7.org/fhir/tools/StructureDefinition/ig-page-name","valueUrl":"SearchParameter-search-sha-id.html"}],"nameUrl":"SearchParameter-search-sha-id.html","title":"Search by SHA ID","generation":"generated"},{"extension":[{"url":"http://hl7.org/fhir/tools/StructureDefinition/ig-page-name","valueUrl":"SearchParameter-search-sub-county.html"}],"nameUrl":"SearchParameter-search-sub-county.html","title":"Search by Sub-County","generation":"generated"},{"extension":[{"url":"http://hl7.org/fhir/tools/StructureDefinition/ig-page-name","valueUrl":"StructureDefinition-oncology-kenya-careplan.html"}],"nameUrl":"StructureDefinition-oncology-kenya-careplan.html","title":"Oncology Care Plan Kenya","generation":"generated"},{"extension":[{"url":"http://hl7.org/fhir/tools/StructureDefinition/ig-page-name","valueUrl":"StructureDefinition-oncology-diagnostic-report-kenya.html"}],"nameUrl":"StructureDefinition-oncology-diagnostic-report-kenya.html","title":"Oncology Diagnostic Report Kenya","generation":"generated"},{"extension":[{"url":"http://hl7.org/fhir/tools/StructureDefinition/ig-page-name","valueUrl":"StructureDefinition-oncology-kenya-encounter.html"}],"nameUrl":"StructureDefinition-oncology-kenya-encounter.html","title":"Oncology Encounter Kenya","generation":"generated"},{"extension":[{"url":"http://hl7.org/fhir/tools/StructureDefinition/ig-page-name","valueUrl":"StructureDefinition-oncology-kenya-claim.html"}],"nameUrl":"StructureDefinition-oncology-kenya-claim.html","title":"Oncology Kenya Claim","generation":"generated"},{"extension":[{"url":"http://hl7.org/fhir/tools/StructureDefinition/ig-page-name","valueUrl":"StructureDefinition-oncology-kenya-condition.html"}],"nameUrl":"StructureDefinition-oncology-kenya-condition.html","title":"Oncology Kenya Condition","generation":"generated"},{"extension":[{"url":"http://hl7.org/fhir/tools/StructureDefinition/ig-page-name","valueUrl":"StructureDefinition-oncology-kenya-coverage.html"}],"nameUrl":"StructureDefinition-oncology-kenya-coverage.html","title":"Oncology Kenya Coverage","generation":"generated"},{"extension":[{"url":"http://hl7.org/fhir/tools/StructureDefinition/ig-page-name","valueUrl":"StructureDefinition-oncology-kenya-diagnosticreport.html"}],"nameUrl":"StructureDefinition-oncology-kenya-diagnosticreport.html","title":"Oncology Kenya Diagnostic Report","generation":"generated"},{"extension":[{"url":"http://hl7.org/fhir/tools/StructureDefinition/ig-page-name","valueUrl":"StructureDefinition-oncology-kenya-location.html"}],"nameUrl":"StructureDefinition-oncology-kenya-location.html","title":"Oncology Kenya Location","generation":"generated"},{"extension":[{"url":"http://hl7.org/fhir/tools/StructureDefinition/ig-page-name","valueUrl":"StructureDefinition-oncology-kenya-patient.html"}],"nameUrl":"StructureDefinition-oncology-kenya-patient.html","title":"Oncology Kenya Patient","generation":"generated"},{"extension":[{"url":"http://hl7.org/fhir/tools/StructureDefinition/ig-page-name","valueUrl":"StructureDefinition-oncology-kenya-registry-report.html"}],"nameUrl":"StructureDefinition-oncology-kenya-registry-report.html","title":"Oncology Kenya Registry Report","generation":"generated"},{"extension":[{"url":"http://hl7.org/fhir/tools/StructureDefinition/ig-page-name","valueUrl":"StructureDefinition-oncology-kenya-supplyrequest.html"}],"nameUrl":"StructureDefinition-oncology-kenya-supplyrequest.html","title":"Oncology Kenya Supply Request","generation":"generated"},{"extension":[{"url":"http://hl7.org/fhir/tools/StructureDefinition/ig-page-name","valueUrl":"StructureDefinition-oncology-kenya-medicationrequest.html"}],"nameUrl":"StructureDefinition-oncology-kenya-medicationrequest.html","title":"Oncology Medication Request Kenya","generation":"generated"},{"extension":[{"url":"http://hl7.org/fhir/tools/StructureDefinition/ig-page-name","valueUrl":"StructureDefinition-oncology-observation-kenya.html"}],"nameUrl":"StructureDefinition-oncology-observation-kenya.html","title":"Oncology Observation Kenya","generation":"generated"},{"extension":[{"url":"http://hl7.org/fhir/tools/StructureDefinition/ig-page-name","valueUrl":"StructureDefinition-oncology-kenya-practitioner.html"}],"nameUrl":"StructureDefinition-oncology-kenya-practitioner.html","title":"Oncology Practitioner Kenya","generation":"generated"},{"extension":[{"url":"http://hl7.org/fhir/tools/StructureDefinition/ig-page-name","valueUrl":"StructureDefinition-oncology-kenya-practitioner-role.html"}],"nameUrl":"StructureDefinition-oncology-kenya-practitioner-role.html","title":"Oncology Practitioner Role Kenya","generation":"generated"},{"extension":[{"url":"http://hl7.org/fhir/tools/StructureDefinition/ig-page-name","valueUrl":"StructureDefinition-oncology-kenya-procedure.html"}],"nameUrl":"StructureDefinition-oncology-kenya-procedure.html","title":"Oncology Procedure Kenya","generation":"generated"},{"extension":[{"url":"http://hl7.org/fhir/tools/StructureDefinition/ig-page-name","valueUrl":"StructureDefinition-oncology-kenya-questionnaireresponse.html"}],"nameUrl":"StructureDefinition-oncology-kenya-questionnaireresponse.html","title":"Oncology Questionnaire Response Kenya","generation":"generated"},{"extension":[{"url":"http://hl7.org/fhir/tools/StructureDefinition/ig-page-name","valueUrl":"StructureDefinition-oncology-kenya-service-request.html"}],"nameUrl":"StructureDefinition-oncology-kenya-service-request.html","title":"Oncology Service Request Kenya","generation":"generated"},{"extension":[{"url":"http://hl7.org/fhir/tools/StructureDefinition/ig-page-name","valueUrl":"StructureDefinition-procedure-cancer-stage.html"}],"nameUrl":"StructureDefinition-procedure-cancer-stage.html","title":"Cancer Stage at Time of Procedure","generation":"generated"},{"extension":[{"url":"http://hl7.org/fhir/tools/StructureDefinition/ig-page-name","valueUrl":"StructureDefinition-report-cancer-stage.html"}],"nameUrl":"StructureDefinition-report-cancer-stage.html","title":"Cancer Stage Summary (e.g., TNM or Ann Arbor)","generation":"generated"},{"extension":[{"url":"http://hl7.org/fhir/tools/StructureDefinition/ig-page-name","valueUrl":"StructureDefinition-practitioner-role-county.html"}],"nameUrl":"StructureDefinition-practitioner-role-county.html","title":"County of Oncology Service","generation":"generated"},{"extension":[{"url":"http://hl7.org/fhir/tools/StructureDefinition/ig-page-name","valueUrl":"StructureDefinition-careplan-context-county.html"}],"nameUrl":"StructureDefinition-careplan-context-county.html","title":"County Where Care Plan is Managed","generation":"generated"},{"extension":[{"url":"http://hl7.org/fhir/tools/StructureDefinition/ig-page-name","valueUrl":"StructureDefinition-encounter-context-county.html"}],"nameUrl":"StructureDefinition-encounter-context-county.html","title":"County Where Encounter Took Place","generation":"generated"},{"extension":[{"url":"http://hl7.org/fhir/tools/StructureDefinition/ig-page-name","valueUrl":"StructureDefinition-medicationrequest-prescribed-county.html"}],"nameUrl":"StructureDefinition-medicationrequest-prescribed-county.html","title":"County Where Medication Was Prescribed","generation":"generated"},{"extension":[{"url":"http://hl7.org/fhir/tools/StructureDefinition/ig-page-name","valueUrl":"StructureDefinition-practitioner-work-county.html"}],"nameUrl":"StructureDefinition-practitioner-work-county.html","title":"County Where Oncology Practitioner is Based","generation":"generated"},{"extension":[{"url":"http://hl7.org/fhir/tools/StructureDefinition/ig-page-name","valueUrl":"StructureDefinition-procedure-context-county.html"}],"nameUrl":"StructureDefinition-procedure-context-county.html","title":"County Where Procedure Was Performed","generation":"generated"},{"extension":[{"url":"http://hl7.org/fhir/tools/StructureDefinition/ig-page-name","valueUrl":"StructureDefinition-questionnaire-context-county.html"}],"nameUrl":"StructureDefinition-questionnaire-context-county.html","title":"County Where Questionnaire Response Occurred","generation":"generated"},{"extension":[{"url":"http://hl7.org/fhir/tools/StructureDefinition/ig-page-name","valueUrl":"StructureDefinition-service-request-context-county.html"}],"nameUrl":"StructureDefinition-service-request-context-county.html","title":"County Where Request Originated","generation":"generated"},{"extension":[{"url":"http://hl7.org/fhir/tools/StructureDefinition/ig-page-name","valueUrl":"StructureDefinition-report-specimen-origin-county.html"}],"nameUrl":"StructureDefinition-report-specimen-origin-county.html","title":"County Where Specimen Was Collected","generation":"generated"},{"extension":[{"url":"http://hl7.org/fhir/tools/StructureDefinition/ig-page-name","valueUrl":"StructureDefinition-ecogPerformanceStatus.html"}],"nameUrl":"StructureDefinition-ecogPerformanceStatus.html","title":"ECOG Performance Status","generation":"generated"},{"extension":[{"url":"http://hl7.org/fhir/tools/StructureDefinition/ig-page-name","valueUrl":"StructureDefinition-careplan-registry-flag.html"}],"nameUrl":"StructureDefinition-careplan-registry-flag.html","title":"Flag for National Cancer Registry Reporting","generation":"generated"},{"extension":[{"url":"http://hl7.org/fhir/tools/StructureDefinition/ig-page-name","valueUrl":"StructureDefinition-encounter-registry-flag.html"}],"nameUrl":"StructureDefinition-encounter-registry-flag.html","title":"Flag for National Cancer Registry Reporting","generation":"generated"},{"extension":[{"url":"http://hl7.org/fhir/tools/StructureDefinition/ig-page-name","valueUrl":"StructureDefinition-service-request-registry-flag.html"}],"nameUrl":"StructureDefinition-service-request-registry-flag.html","title":"Flag for National Cancer Registry Reporting","generation":"generated"},{"extension":[{"url":"http://hl7.org/fhir/tools/StructureDefinition/ig-page-name","valueUrl":"StructureDefinition-questionnaire-registry-flag.html"}],"nameUrl":"StructureDefinition-questionnaire-registry-flag.html","title":"Flag for National Cancer Registry Reporting","generation":"generated"},{"extension":[{"url":"http://hl7.org/fhir/tools/StructureDefinition/ig-page-name","valueUrl":"StructureDefinition-procedure-registry-report-flag.html"}],"nameUrl":"StructureDefinition-procedure-registry-report-flag.html","title":"Flag for National Registry Reporting","generation":"generated"},{"extension":[{"url":"http://hl7.org/fhir/tools/StructureDefinition/ig-page-name","valueUrl":"StructureDefinition-medicationrequest-registry-flag.html"}],"nameUrl":"StructureDefinition-medicationrequest-registry-flag.html","title":"Flag for Reporting Medication Request to National Registry","generation":"generated"},{"extension":[{"url":"http://hl7.org/fhir/tools/StructureDefinition/ig-page-name","valueUrl":"StructureDefinition-oncology-service-focus.html"}],"nameUrl":"StructureDefinition-oncology-service-focus.html","title":"Focus Area of Oncology Service","generation":"generated"},{"extension":[{"url":"http://hl7.org/fhir/tools/StructureDefinition/ig-page-name","valueUrl":"StructureDefinition-Icdo3Morphology.html"}],"nameUrl":"StructureDefinition-Icdo3Morphology.html","title":"ICD-O-3 Morphology","generation":"generated"},{"extension":[{"url":"http://hl7.org/fhir/tools/StructureDefinition/ig-page-name","valueUrl":"StructureDefinition-icdo3-topography.html"}],"nameUrl":"StructureDefinition-icdo3-topography.html","title":"ICD-O-3 Topography Code","generation":"generated"},{"extension":[{"url":"http://hl7.org/fhir/tools/StructureDefinition/ig-page-name","valueUrl":"StructureDefinition-practitioner-cadre-code.html"}],"nameUrl":"StructureDefinition-practitioner-cadre-code.html","title":"Oncology Cadre Classification","generation":"generated"},{"extension":[{"url":"http://hl7.org/fhir/tools/StructureDefinition/ig-page-name","valueUrl":"StructureDefinition-patient-educationLevel.html"}],"nameUrl":"StructureDefinition-patient-educationLevel.html","title":"Patient Education Level","generation":"generated"},{"extension":[{"url":"http://hl7.org/fhir/tools/StructureDefinition/ig-page-name","valueUrl":"StructureDefinition-patient-occupation.html"}],"nameUrl":"StructureDefinition-patient-occupation.html","title":"Patient Occupation","generation":"generated"},{"extension":[{"url":"http://hl7.org/fhir/tools/StructureDefinition/ig-page-name","valueUrl":"StructureDefinition-careplan-referral-source.html"}],"nameUrl":"StructureDefinition-careplan-referral-source.html","title":"Referral Source for Oncology Care Plan","generation":"generated"},{"extension":[{"url":"http://hl7.org/fhir/tools/StructureDefinition/ig-page-name","valueUrl":"StructureDefinition-encounter-referral-source.html"}],"nameUrl":"StructureDefinition-encounter-referral-source.html","title":"Referral Source for Oncology Encounter","generation":"generated"},{"extension":[{"url":"http://hl7.org/fhir/tools/StructureDefinition/ig-page-name","valueUrl":"StructureDefinition-questionnaire-referral-source.html"}],"nameUrl":"StructureDefinition-questionnaire-referral-source.html","title":"Referral Source for Oncology Questionnaire","generation":"generated"},{"extension":[{"url":"http://hl7.org/fhir/tools/StructureDefinition/ig-page-name","valueUrl":"StructureDefinition-procedure-referral-source.html"}],"nameUrl":"StructureDefinition-procedure-referral-source.html","title":"Referral Source for Procedure","generation":"generated"},{"extension":[{"url":"http://hl7.org/fhir/tools/StructureDefinition/ig-page-name","valueUrl":"StructureDefinition-service-request-referral-type.html"}],"nameUrl":"StructureDefinition-service-request-referral-type.html","title":"Referral Type (Internal or External)","generation":"generated"},{"extension":[{"url":"http://hl7.org/fhir/tools/StructureDefinition/ig-page-name","valueUrl":"StructureDefinition-RegistryReporting.html"}],"nameUrl":"StructureDefinition-RegistryReporting.html","title":"Registry Reporting","generation":"generated"},{"extension":[{"url":"http://hl7.org/fhir/tools/StructureDefinition/ig-page-name","valueUrl":"StructureDefinition-report-registry-flag.html"}],"nameUrl":"StructureDefinition-report-registry-flag.html","title":"Send Report to National Cancer Registry","generation":"generated"},{"extension":[{"url":"http://hl7.org/fhir/tools/StructureDefinition/ig-page-name","valueUrl":"ValueSet-cancer-observation-method-vs.html"}],"nameUrl":"ValueSet-cancer-observation-method-vs.html","title":"Cancer Observation Method ValueSet","generation":"generated"},{"extension":[{"url":"http://hl7.org/fhir/tools/StructureDefinition/ig-page-name","valueUrl":"ValueSet-cancer-stage.html"}],"nameUrl":"ValueSet-cancer-stage.html","title":"Cancer Stage ValueSet","generation":"generated"},{"extension":[{"url":"http://hl7.org/fhir/tools/StructureDefinition/ig-page-name","valueUrl":"ValueSet-ecog-status-vs.html"}],"nameUrl":"ValueSet-ecog-status-vs.html","title":"ECOG Performance Status","generation":"generated"},{"extension":[{"url":"http://hl7.org/fhir/tools/StructureDefinition/ig-page-name","valueUrl":"ValueSet-ecog-performance-status.html"}],"nameUrl":"ValueSet-ecog-performance-status.html","title":"ECOG Performance Status","generation":"generated"},{"extension":[{"url":"http://hl7.org/fhir/tools/StructureDefinition/ig-page-name","valueUrl":"ValueSet-cancer-icd10.html"}],"nameUrl":"ValueSet-cancer-icd10.html","title":"Top Common Cancers in Kenya - ICD-10","generation":"generated"},{"extension":[{"url":"http://hl7.org/fhir/tools/StructureDefinition/ig-page-name","valueUrl":"ValueSet-tumor-markers.html"}],"nameUrl":"ValueSet-tumor-markers.html","title":"Tumor Marker ValueSet","generation":"generated"},{"extension":[{"url":"http://hl7.org/fhir/tools/StructureDefinition/ig-page-name","valueUrl":"CodeSystem-tumor-markers.html"}],"nameUrl":"CodeSystem-tumor-markers.html","title":"Tumor Markers","generation":"generated"},{"extension":[{"url":"http://hl7.org/fhir/tools/StructureDefinition/ig-page-name","valueUrl":"Condition-breast-cancer-condition.html"}],"nameUrl":"Condition-breast-cancer-condition.html","title":"Breast Cancer Condition","generation":"generated"},{"extension":[{"url":"http://hl7.org/fhir/tools/StructureDefinition/ig-page-name","valueUrl":"QuestionnaireResponse-example-oncology-questionnaireresponse.html"}],"nameUrl":"QuestionnaireResponse-example-oncology-questionnaireresponse.html","title":"Breast Cancer Screening Questionnaire Response","generation":"generated"},{"extension":[{"url":"http://hl7.org/fhir/tools/StructureDefinition/ig-page-name","valueUrl":"CarePlan-example-oncology-careplan.html"}],"nameUrl":"CarePlan-example-oncology-careplan.html","title":"Breast Cancer Treatment Plan - Uasin Gishu","generation":"generated"},{"extension":[{"url":"http://hl7.org/fhir/tools/StructureDefinition/ig-page-name","valueUrl":"Practitioner-example-oncology-practitioner.html"}],"nameUrl":"Practitioner-example-oncology-practitioner.html","title":"Dr. Grace Wanjiku – Consultant Oncologist","generation":"generated"},{"extension":[{"url":"http://hl7.org/fhir/tools/StructureDefinition/ig-page-name","valueUrl":"SupplyRequest-example-biopsy-needle-supply-request.html"}],"nameUrl":"SupplyRequest-example-biopsy-needle-supply-request.html","title":"Example Biopsy Needle Supply Request","generation":"generated"},{"extension":[{"url":"http://hl7.org/fhir/tools/StructureDefinition/ig-page-name","valueUrl":"SupplyRequest-example-chemotherapy-supply-request.html"}],"nameUrl":"SupplyRequest-example-chemotherapy-supply-request.html","title":"Example Chemotherapy Drug Supply Request","generation":"generated"},{"extension":[{"url":"http://hl7.org/fhir/tools/StructureDefinition/ig-page-name","valueUrl":"Claim-example-oncology-claim-nyandarua.html"}],"nameUrl":"Claim-example-oncology-claim-nyandarua.html","title":"Example Oncology Claim - Nyandarua","generation":"generated"},{"extension":[{"url":"http://hl7.org/fhir/tools/StructureDefinition/ig-page-name","valueUrl":"MedicationRequest-example-oncology-medicationrequest.html"}],"nameUrl":"MedicationRequest-example-oncology-medicationrequest.html","title":"Example Oncology Medication Request","generation":"generated"},{"extension":[{"url":"http://hl7.org/fhir/tools/StructureDefinition/ig-page-name","valueUrl":"Encounter-example-oncology-encounter.html"}],"nameUrl":"Encounter-example-oncology-encounter.html","title":"Initial Oncology Assessment - Nyandarua County","generation":"generated"},{"extension":[{"url":"http://hl7.org/fhir/tools/StructureDefinition/ig-page-name","valueUrl":"Location-example-kenyatta-national-hospital-oncology.html"}],"nameUrl":"Location-example-kenyatta-national-hospital-oncology.html","title":"KNH National Cancer Centre","generation":"generated"},{"extension":[{"url":"http://hl7.org/fhir/tools/StructureDefinition/ig-page-name","valueUrl":"Location-example-nyandarua-cancer-center.html"}],"nameUrl":"Location-example-nyandarua-cancer-center.html","title":"Nyandarua County Cancer Treatment Centre","generation":"generated"},{"extension":[{"url":"http://hl7.org/fhir/tools/StructureDefinition/ig-page-name","valueUrl":"PractitionerRole-example-oncology-practitioner-role.html"}],"nameUrl":"PractitionerRole-example-oncology-practitioner-role.html","title":"Oncologist Role at KNH","generation":"generated"},{"extension":[{"url":"http://hl7.org/fhir/tools/StructureDefinition/ig-page-name","valueUrl":"DiagnosticReport-example-oncology-diagnostic-report.html"}],"nameUrl":"DiagnosticReport-example-oncology-diagnostic-report.html","title":"Oncology Diagnostic Report - Biopsy for Cervical Cancer","generation":"generated"},{"extension":[{"url":"http://hl7.org/fhir/tools/StructureDefinition/ig-page-name","valueUrl":"ServiceRequest-example-oncology-service-request.html"}],"nameUrl":"ServiceRequest-example-oncology-service-request.html","title":"Referral for Breast Ultrasound - Kiambu County","generation":"generated"},{"extension":[{"url":"http://hl7.org/fhir/tools/StructureDefinition/ig-page-name","valueUrl":"Procedure-example-surgical-biopsy.html"}],"nameUrl":"Procedure-example-surgical-biopsy.html","title":"Surgical Biopsy at Moi Teaching and Referral Hospital","generation":"generated"},{"extension":[{"url":"http://hl7.org/fhir/tools/StructureDefinition/ig-page-name","valueUrl":"Goal-tumor-reduction-goal.html"}],"nameUrl":"Goal-tumor-reduction-goal.html","title":"Tumor Reduction Goal","generation":"generated"},{"extension":[{"url":"http://hl7.org/fhir/tools/StructureDefinition/ig-page-name","valueUrl":"index.html"}],"nameUrl":"index.html","title":"Oncology Implementation Guide for Kenya (Oncology-IG-Kenya)","generation":"generated"}]}]},"parameter":[{"code":"path-resource","value":"input/capabilities"},{"code":"path-resource","value":"input/examples"},{"code":"path-resource","value":"input/extensions"},{"code":"path-resource","value":"input/models"},{"code":"path-resource","value":"input/operations"},{"code":"path-resource","value":"input/profiles"},{"code":"path-resource","value":"input/resources"},{"code":"path-resource","value":"input/vocabulary"},{"code":"path-resource","value":"input/maps"},{"code":"path-resource","value":"input/testing"},{"code":"path-resource","value":"input/history"},{"code":"path-resource","value":"fsh-generated/resources"},{"code":"path-pages","value":"template/config"},{"code":"path-pages","value":"input/images"},{"code":"path-tx-cache","value":"input-cache/txcache"}]}}