{"resourceType":"SearchParameter","id":"search-education-level","text":{"status":"generated","div":"<div xmlns=\"http://www.w3.org/1999/xhtml\"><p class=\"res-header-id\"><b>Generated Narrative: SearchParameter search-education-level</b></p><a name=\"search-education-level\"> </a><a name=\"hcsearch-education-level\"> </a><h2>education-level</h2><p>Parameter <code>education-level</code>:<code>token</code></p><div><p>Allows filtering patients by Education Level extension</p>\n</div><table class=\"grid\"><tr><td>Resource</td><td><a href=\"http://hl7.org/fhir/R4/patient.html\">Patient</a></td></tr><tr><td>Expression</td><td><code>Patient.extension.where(url = 'https://oncology.ig.kenya/StructureDefinition/patient-educationLevel').value</code></td></tr><tr><td>Processing Mode</td><td>Normal</td></tr><tr><td>Multiples</td><td><ul><li>multipleAnd: It's up to the server whether the parameter may repeat in order to specify multiple values that must all be true</li><li>multipleOr: It's up to the server whether the parameter can have multiple values (separated by comma) where at least one must be true</li></ul></td></tr></table></div>"},"url":"https://oncology.ig.kenya/SearchParameter/search-education-level","version":"0.1.0","name":"education-level","status":"active","date":"2025-06-30T18:02:10+00:00","publisher":"Medby_Tech","contact":[{"name":"Medby_Tech","telecom":[{"system":"url","value":"http://example.org/example-publisher"}]}],"description":"Allows filtering patients by Education Level extension","code":"education-level","base":["Patient"],"type":"token","expression":"Patient.extension.where(url = 'https://oncology.ig.kenya/StructureDefinition/patient-educationLevel').value","xpathUsage":"normal"}