<?xml version="1.0" encoding="UTF-8"?><SearchParameter xmlns="http://hl7.org/fhir"><id value="search-education-level"/><text><status value="generated"/><div xmlns="http://www.w3.org/1999/xhtml"><p class="res-header-id"><b>Generated Narrative: SearchParameter search-education-level</b></p><a name="search-education-level"> </a><a name="hcsearch-education-level"> </a><h2>education-level</h2><p>Parameter <code>education-level</code>:<code>token</code></p><div><p>Allows filtering patients by Education Level extension</p>
</div><table class="grid"><tr><td>Resource</td><td><a href="http://hl7.org/fhir/R4/patient.html">Patient</a></td></tr><tr><td>Expression</td><td><code>Patient.extension.where(url = 'https://oncology.ig.kenya/StructureDefinition/patient-educationLevel').value</code></td></tr><tr><td>Processing Mode</td><td>Normal</td></tr><tr><td>Multiples</td><td><ul><li>multipleAnd: It's up to the server whether the parameter may repeat in order to specify multiple values that must all be true</li><li>multipleOr: It's up to the server whether the parameter can have multiple values (separated by comma) where at least one must be true</li></ul></td></tr></table></div></text><url value="https://oncology.ig.kenya/SearchParameter/search-education-level"/><version value="0.1.0"/><name value="education-level"/><status value="active"/><date value="2025-06-30T18:19:00+00:00"/><publisher value="Medby_Tech"/><contact><name value="Medby_Tech"/><telecom><system value="url"/><value value="http://example.org/example-publisher"/></telecom></contact><description value="Allows filtering patients by Education Level extension"/><code value="education-level"/><base value="Patient"/><type value="token"/><expression value="Patient.extension.where(url = 'https://oncology.ig.kenya/StructureDefinition/patient-educationLevel').value"/><xpathUsage value="normal"/></SearchParameter>