<?xml version="1.0" encoding="UTF-8"?><SearchParameter xmlns="http://hl7.org/fhir"><id value="search-birthdate"/><text><status value="generated"/><div xmlns="http://www.w3.org/1999/xhtml"><p class="res-header-id"><b>Generated Narrative: SearchParameter search-birthdate</b></p><a name="search-birthdate"> </a><a name="hcsearch-birthdate"> </a><h2>birthdate</h2><p>Parameter <code>birthdate</code>:<code>date</code></p><div><p>Filter patients by date of birth</p>
</div><table class="grid"><tr><td>Resource</td><td><a href="http://hl7.org/fhir/R4/patient.html">Patient</a></td></tr><tr><td>Expression</td><td><code>Patient.birthDate</code></td></tr><tr><td>Processing Mode</td><td>Normal</td></tr><tr><td>Multiples</td><td><ul><li>multipleAnd: It's up to the server whether the parameter may repeat in order to specify multiple values that must all be true</li><li>multipleOr: It's up to the server whether the parameter can have multiple values (separated by comma) where at least one must be true</li></ul></td></tr></table></div></text><url value="https://oncology.ig.kenya/SearchParameter/search-birthdate"/><version value="0.1.0"/><name value="birthdate"/><status value="active"/><date value="2025-06-30T18:19:00+00:00"/><publisher value="Medby_Tech"/><contact><name value="Medby_Tech"/><telecom><system value="url"/><value value="http://example.org/example-publisher"/></telecom></contact><description value="Filter patients by date of birth"/><code value="birthdate"/><base value="Patient"/><type value="date"/><expression value="Patient.birthDate"/><xpathUsage value="normal"/></SearchParameter>