<?xml version="1.0" encoding="UTF-8"?>

<SearchParameter xmlns="http://hl7.org/fhir">
  <id value="search-sha-id"/>
  <text>
    <status value="generated"/><div xmlns="http://www.w3.org/1999/xhtml"><p class="res-header-id"><b>Generated Narrative: SearchParameter search-sha-id</b></p><a name="search-sha-id"> </a><a name="hcsearch-sha-id"> </a><h2>sha-id</h2><p>Parameter <code>sha-id</code>:<code>token</code></p><div><p>Allows filtering patients by SHA ID</p>
</div><table class="grid"><tr><td>Resource</td><td><a href="http://hl7.org/fhir/R4/patient.html">Patient</a></td></tr><tr><td>Expression</td><td><code>Patient.identifier.where(system = 'https://sha.go.ke/ids/patient')</code></td></tr><tr><td>Processing Mode</td><td>Normal</td></tr><tr><td>Multiples</td><td><ul><li>multipleAnd: It's up to the server whether the parameter may repeat in order to specify multiple values that must all be true</li><li>multipleOr: It's up to the server whether the parameter can have multiple values (separated by comma) where at least one must be true</li></ul></td></tr></table></div>
  </text>
  <url value="https://oncology.ig.kenya/SearchParameter/search-sha-id"/>
  <version value="0.1.0"/>
  <name value="sha-id"/>
  <status value="active"/>
  <date value="2025-06-30T18:19:00+00:00"/>
  <publisher value="Medby_Tech"/>
  <contact>
    <name value="Medby_Tech"/>
    <telecom>
      <system value="url"/>
      <value value="http://example.org/example-publisher"/>
    </telecom>
  </contact>
  <description value="Allows filtering patients by SHA ID"/>
  <code value="sha-id"/>
  <base value="Patient"/>
  <type value="token"/>
  <expression value="Patient.identifier.where(system = 'https://sha.go.ke/ids/patient')"/>
  <xpathUsage value="normal"/>
</SearchParameter>