<?xml version="1.0" encoding="UTF-8"?>

<SearchParameter xmlns="http://hl7.org/fhir">
  <id value="search-cancer-type"/>
  <text>
    <status value="generated"/><div xmlns="http://www.w3.org/1999/xhtml"><p class="res-header-id"><b>Generated Narrative: SearchParameter search-cancer-type</b></p><a name="search-cancer-type"> </a><a name="hcsearch-cancer-type"> </a><h2>cancer-type</h2><p>Parameter <code>cancer-type</code>:<code>token</code></p><div><p>Filter patients by cancer diagnosis (Condition.code)</p>
</div><table class="grid"><tr><td>Resource</td><td><a href="http://hl7.org/fhir/R4/condition.html">Condition</a></td></tr><tr><td>Expression</td><td><code>Condition.code</code></td></tr><tr><td>Processing Mode</td><td>Normal</td></tr><tr><td>Multiples</td><td><ul><li>multipleAnd: It's up to the server whether the parameter may repeat in order to specify multiple values that must all be true</li><li>multipleOr: It's up to the server whether the parameter can have multiple values (separated by comma) where at least one must be true</li></ul></td></tr></table></div>
  </text>
  <url value="https://oncology.ig.kenya/SearchParameter/search-cancer-type"/>
  <version value="0.1.0"/>
  <name value="cancer-type"/>
  <status value="active"/>
  <date value="2025-06-30T18:19:00+00:00"/>
  <publisher value="Medby_Tech"/>
  <contact>
    <name value="Medby_Tech"/>
    <telecom>
      <system value="url"/>
      <value value="http://example.org/example-publisher"/>
    </telecom>
  </contact>
  <description value="Filter patients by cancer diagnosis (Condition.code)"/>
  <code value="cancer-type"/>
  <base value="Condition"/>
  <type value="token"/>
  <expression value="Condition.code"/>
  <xpathUsage value="normal"/>
</SearchParameter>