<?xml version="1.0" encoding="UTF-8"?>

<SearchParameter xmlns="http://hl7.org/fhir">
  <id value="search-county"/>
  <text>
    <status value="generated"/><div xmlns="http://www.w3.org/1999/xhtml"><p class="res-header-id"><b>Generated Narrative: SearchParameter search-county</b></p><a name="search-county"> </a><a name="hcsearch-county"> </a><h2>county</h2><p>Parameter <code>county</code>:<code>string</code></p><div><p>Allows filtering patients by County (address.state)</p>
</div><table class="grid"><tr><td>Resource</td><td><a href="http://hl7.org/fhir/R4/patient.html">Patient</a></td></tr><tr><td>Expression</td><td><code>Patient.address.state</code></td></tr><tr><td>Processing Mode</td><td>Normal</td></tr><tr><td>Multiples</td><td><ul><li>multipleAnd: It's up to the server whether the parameter may repeat in order to specify multiple values that must all be true</li><li>multipleOr: It's up to the server whether the parameter can have multiple values (separated by comma) where at least one must be true</li></ul></td></tr></table></div>
  </text>
  <url value="https://oncology.ig.kenya/SearchParameter/search-county"/>
  <version value="0.1.0"/>
  <name value="county"/>
  <status value="active"/>
  <date value="2025-06-30T18:19:00+00:00"/>
  <publisher value="Medby_Tech"/>
  <contact>
    <name value="Medby_Tech"/>
    <telecom>
      <system value="url"/>
      <value value="http://example.org/example-publisher"/>
    </telecom>
  </contact>
  <description value="Allows filtering patients by County (address.state)"/>
  <code value="county"/>
  <base value="Patient"/>
  <type value="string"/>
  <expression value="Patient.address.state"/>
  <xpathUsage value="normal"/>
</SearchParameter>